gid,lon,lat,overlap_class,E_high,P_high,adjusted_ch4,index_ch4,density_land_area,coast_distance_km,land_fraction
36.85_117.85,117.85,36.85,Neither,False,False,0.9551523953623654,0.3993114599078008,0.0,109.7861880007022,1.0
36.85_117.95,117.95,36.85,Neither,False,False,-2.8445010539610114,0.8051913556151727,0.0,102.00127215139254,1.0
36.85_118.05,118.05,36.85,Neither,False,False,-1.9926953441481672,0.6194280349461116,0.0,94.38348132425416,1.0
36.85_118.15,118.15,36.85,Neither,False,False,-0.4592245319604061,0.4894571143425448,0.0,86.90673413129565,1.0
36.85_118.25,118.25,36.85,Neither,False,False,0.7560413217031479,0.807197310356776,0.0,79.7037439377482,1.0
36.85_118.35,118.35,36.85,Neither,False,False,-0.361620835393614,0.7252248899595286,0.0,72.85575219476365,1.0
36.85_118.45,118.45,36.85,Neither,False,False,-1.632531333019754,0.5368133859753084,0.0,66.4725652271652,1.0
36.85_118.55,118.55,36.85,Neither,False,False,-2.2898750611393344,0.6908363726778709,0.0,60.700994207170176,1.0
36.85_118.65,118.65,36.85,Neither,False,False,0.381443462868137,-0.7006445727117724,0.0,55.352893619664535,1.0
36.85_118.75,118.75,36.85,Neither,False,False,-0.4831288890243285,-0.7006445727117724,0.0,50.06783704660677,1.0
36.85_118.85,118.85,36.85,Neither,False,False,-1.4897623218190204,-0.7006445727117724,0.0,44.929006026922345,1.0
36.85_118.95,118.95,36.85,Neither,False,False,-2.260470807008151,-0.7006445727117724,0.0,40.46183161503076,1.0
36.85_119.05,119.05,36.85,Neither,False,False,-0.48933711925064,-0.2403574644858149,0.0,37.56423195758475,1.0
36.85_119.15,119.15,36.85,Neither,False,False,-1.227075793008834,-0.7006445727117724,0.0,34.18686635899686,1.0
36.85_119.25,119.25,36.85,Neither,False,False,2.203842991203722,-0.7006445727117724,0.0,32.146317213073736,1.0
36.85_119.35,119.35,36.85,Neither,False,False,2.081215778597894,0.6470558890134361,0.0,31.171323626943003,1.0
36.85_119.45,119.45,36.85,EDGAR only,True,False,0.9356651541468284,1.4271149943553376,0.0,30.127767926252748,1.0
36.85_119.55,119.55,36.85,EDGAR only,True,False,-0.1552287175337385,1.4618186445393262,0.0,31.60824028042248,1.0
36.85_119.65,119.65,36.85,Neither,False,False,0.7798529581338585,1.1158735791978949,0.0,32.02961426439991,1.0
36.85_119.75,119.75,36.85,Neither,False,False,0.4671899304858409,0.6185248501015489,0.0,32.591105765221,1.0
36.85_119.85,119.85,36.85,Neither,False,False,1.6187630847214167,-0.0754858195836971,0.0,34.32203478227638,1.0
36.85_119.95,119.95,36.85,Neither,False,False,4.109512149529056,0.9572565140384408,0.0,37.13553391277753,1.0
36.95_117.85,117.85,36.95,Neither,False,False,3.0118926862863145,-0.7006445727117724,0.0,105.22566570145716,1.0
36.95_117.95,117.95,36.95,Neither,False,False,0.7227663206091056,0.4583208580984513,0.0,97.07570842951256,1.0
36.95_118.05,118.05,36.95,Neither,False,False,-0.0885734547453011,-0.7006445727117724,0.0,89.05230531385983,1.0
36.95_118.15,118.15,36.95,Neither,False,False,1.598269730662101,-0.7006445727117724,0.0,81.19298286291784,1.0
36.95_118.25,118.25,36.95,Neither,False,False,1.8142512224449296,-0.5394974610697714,0.0,73.54748351050131,1.0
36.95_118.35,118.35,36.95,Neither,False,False,0.419497534570114,-0.7006445727117724,0.0,66.06440918450824,1.0
36.95_118.45,118.45,36.95,Neither,False,False,-0.9855356166112594,-0.7006445727117724,0.0,58.95038134662965,1.0
36.95_118.55,118.55,36.95,Neither,False,False,1.561253955300938,0.5865697357763594,0.0,52.35605247506954,1.0
36.95_118.65,118.65,36.95,Neither,False,False,0.7540387580603671,-0.7006445727117724,0.0,46.50303721775124,1.0
36.95_118.75,118.75,36.95,Neither,False,False,-0.5082855899864427,-0.7006445727117724,0.0,41.16842232769054,1.0
36.95_118.85,118.85,36.95,Neither,False,False,0.0725179509711484,-0.7006445727117724,0.0,35.95903142815459,1.0
36.95_118.95,118.95,36.95,Neither,False,False,-0.0924121137986141,-0.7006445727117724,0.0,30.757532844907235,1.0
36.95_119.05,119.05,36.95,Neither,False,False,-2.044179979230084,-0.0587740505980752,0.0,26.831651675319502,1.0
36.95_119.15,119.15,36.95,Neither,False,False,-0.9412189919041296,0.5945867879367986,0.0,24.097178261366725,1.0
36.95_119.25,119.25,36.95,Neither,False,False,-1.4768264203275328,1.2759754265344565,0.0,21.102556221361777,1.0
36.95_119.35,119.35,36.95,EDGAR only,True,False,0.8880352469750966,1.524265141014678,0.0,20.616302134090827,1.0
36.95_119.45,119.45,36.95,EDGAR only,True,False,1.1447578883166172,1.3863073730657696,0.0,19.00165511861129,1.0
36.95_119.55,119.55,36.95,Neither,False,False,1.3070542056190988,0.5063768359881836,0.0,20.9078540495362,1.0
36.95_119.65,119.65,36.95,Neither,False,False,-0.409594753990203,0.968439807665564,0.0,20.905061064757582,1.0
36.95_119.75,119.75,36.95,Neither,False,False,0.6534968093541262,-0.6145316146068838,0.0,21.527250345437587,1.0
36.95_119.85,119.85,36.95,Neither,False,False,1.096918859508926,-0.7006445727117724,0.0,23.533610621638875,1.0
36.95_119.95,119.95,36.95,Neither,False,False,-2.267398957214476,-0.7006445727117724,0.0,27.475018403673086,1.0
37.05_117.85,117.85,37.05,Neither,False,False,0.202445473356072,-0.7006445727117724,0.0709355899477353,101.68440006659937,1.0
37.05_117.95,117.95,37.05,Neither,False,False,-0.4320183526248656,-0.1143503482037531,0.0810692456545546,93.22537026840467,1.0
37.05_118.05,118.05,37.05,Neither,False,False,-0.9845891866959604,-0.7006445727117724,0.0,84.83860899556475,1.0
37.05_118.15,118.15,37.05,Neither,False,False,2.796425100778196,-0.7006445727117724,0.0,76.547873652816,1.0
37.05_118.25,118.25,37.05,Neither,False,False,5.253262291576232,-0.7006445727117724,0.0,68.38809702775173,1.0
37.05_118.35,118.35,37.05,Neither,False,False,3.027104294064091,-0.7006445727117724,0.0,60.41236743607337,1.0
37.05_118.45,118.45,37.05,Neither,False,False,0.4791839821700696,-0.7006445727117724,0.0,52.70430659091664,1.0
37.05_118.55,118.55,37.05,Neither,False,False,3.009238235603761,0.4499108094816558,0.0,45.22769739668027,1.0
37.05_118.65,118.65,37.05,Neither,False,False,1.8242976015999663,-0.0597212787664966,0.0,38.30040275909642,1.0
37.05_118.75,118.75,37.05,Neither,False,False,1.8327993378236385,0.4838384932573789,0.0,32.30579763845349,1.0
37.05_118.85,118.85,37.05,Neither,False,False,1.6376833524731111,0.4305239338920161,0.0,26.99899034550413,1.0
37.05_118.95,118.95,37.05,Neither,False,False,1.352916727369178,0.4707620982221518,0.0,21.96647203855901,1.0
37.05_119.05,119.05,37.05,Neither,False,False,0.3738119767056191,0.5601002683793942,0.0,16.632690362301457,1.0
37.05_119.15,119.15,37.05,EDGAR only,True,False,0.9735832960441312,1.4322337970345511,0.0,14.35010674011088,1.0
37.05_119.25,119.25,37.05,EDGAR only,True,False,-0.1054037575789241,1.4021616739789868,0.0202673114136386,10.251482614137666,1.0
37.05_119.35,119.35,37.05,Neither,False,False,1.19187349379617,-0.5590312429771932,0.0608019342409159,11.185000873842894,1.0
37.05_119.45,119.45,37.05,Neither,False,False,-0.8238211896127288,-0.7006445727117724,0.0,7.89216334569939,1.0
37.05_119.55,119.55,37.05,Neither,False,False,-1.6422206371973362,-0.7006445727117724,0.0,9.803397225031675,1.0
37.05_119.65,119.65,37.05,Neither,False,False,4.507867191750851,-0.7006445727117724,0.0,9.797439171349575,1.0
37.05_119.75,119.75,37.05,Neither,False,False,4.216709429901981,0.065106990594037,0.0,10.606964121298976,1.0
37.05_119.85,119.85,37.05,Neither,False,False,0.8307579042612049,-0.4310954890382364,0.0,13.323003947537602,1.0
37.05_119.95,119.95,37.05,Neither,False,False,1.081811242735573,-0.7006445727117724,0.0,19.456316238624492,1.0
37.15_117.85,117.85,37.15,Neither,False,False,-1.0557142312231584,-0.7006445727117724,0.8422043854753984,99.0970638807672,1.0
37.15_117.95,117.95,37.15,Neither,False,False,-3.02094552655146,0.1886920808225292,1.877202545939141,90.49689298499791,1.0
37.15_118.05,118.05,37.15,Neither,False,False,-1.5048217711381149,-0.7006445727117724,0.4058816315544089,81.93112301739563,1.0
37.15_118.15,118.15,37.15,Neither,False,False,-0.3060652894523448,-0.7006445727117724,0.2435289789326453,73.31232026990264,1.0
37.15_118.25,118.25,37.15,Neither,False,False,-1.4286604218807102,-0.7006445727117724,0.0,64.74605129014803,1.0
37.15_118.35,118.35,37.15,Pumpjack only,False,True,-0.3773258672038572,-0.7006445727117724,2.2120548919715284,56.25631948341833,1.0
37.15_118.45,118.45,37.15,Pumpjack only,False,True,1.0885531175379148,-0.5334548540302002,2.3033782590712706,47.8838519317174,1.0
37.15_118.55,118.55,37.15,Neither,False,False,1.1658540558864527,0.775577309010347,0.547940202598452,39.70290341601087,1.0
37.15_118.65,118.65,37.15,Neither,False,False,1.3147511622343258,0.3518515226565727,1.1060274459857642,31.86134450000016,1.0
37.15_118.75,118.75,37.15,Neither,False,False,1.1902416500312103,-0.7006445727117724,0.6798517328536349,24.41097683604736,1.0
37.15_118.85,118.85,37.15,Neither,False,False,2.4227734242222114,0.0083939426598285,0.0,18.11096268788595,1.0
37.15_118.95,118.95,37.15,Neither,False,False,-3.4773408577102973,1.3365736258117058,0.0,12.894273156960844,1.0
37.15_119.05,119.05,37.15,EDGAR only,True,False,0.4664674652938504,1.4522861560228844,0.0,8.0748112232788,1.0
37.15_119.15,119.15,37.15,Neither,False,False,-6.181334326034035,1.1190881197910167,0.0,3.2368609044915293,0.8124235113919905
37.15_119.25,119.25,37.15,Neither,False,False,-17.175582373175644,-0.7003171888843874,0.0,3.5652153511599054,0.4843801966987652
37.15_119.35,119.35,37.15,Neither,False,False,-20.447206822397582,-0.7006445727117724,0.0,5.7203242268289065,0.3051681777499206
37.15_119.45,119.45,37.15,Neither,False,False,-22.289480243608253,-0.7006445727117724,0.0,2.8911705712110214,0.2722564897583625
37.15_119.55,119.55,37.15,Neither,False,False,-22.64248442803133,-0.7006445727117724,0.0,1.499385942821092,0.395644629852023
37.15_119.65,119.65,37.15,Neither,False,False,-11.539824779262888,-0.7006445727117724,0.0,1.6735885131338937,0.3903063110964853
37.15_119.75,119.75,37.15,Neither,False,False,-1.5400828058416445,-0.7006445727117724,0.0,1.8271699248350213,0.5340556623775415
37.15_119.85,119.85,37.15,Neither,False,False,3.310203599693729,-0.0212674813320164,0.0,6.152801985096979,0.9856512264409169
37.15_119.95,119.95,37.15,Neither,False,False,-1.659672142590766,0.0586736448361113,0.0,11.312662456278764,1.0
37.25_117.85,117.85,37.25,Neither,False,False,-3.755918375896949,-0.7006445727117724,0.9754072577958522,97.37939278547772,1.0
37.25_117.95,117.95,37.25,Neither,False,False,-1.963602344163848,0.2046742782477383,1.6561602397992077,88.61267239744923,1.0
37.25_118.05,118.05,37.25,Neither,False,False,-0.5063052465446614,-0.7006445727117724,0.6705924897346485,79.85632566936209,1.0
37.25_118.15,118.15,37.25,Pumpjack only,False,True,-0.9597573138541368,-0.7006445727117724,2.0016169769352383,71.11418465572652,1.0
37.25_118.25,118.25,37.25,Pumpjack only,False,True,0.4289808130660664,-0.7006445727117724,2.235308299115495,62.392220980911226,1.0
37.25_118.35,118.35,37.25,Neither,False,False,-0.1422730443855745,-0.7006445727117724,0.5080246134353397,53.700267117186655,1.0
37.25_118.45,118.45,37.25,Neither,False,False,1.020278283664294,-0.0234611565718152,0.1320863994931883,45.05569451054758,1.0
37.25_118.55,118.55,37.25,Neither,False,False,1.1073883328309757,0.6101011374489335,0.4064196907482718,36.49219090494056,1.0
37.25_118.65,118.65,37.25,Neither,False,False,3.4522335126815777,-0.2465623468430011,1.58503679391826,27.89457767984683,1.0
37.25_118.75,118.75,37.25,Pumpjack only,False,True,3.4930900366392543,0.9933148623754238,5.151369580234345,19.29506847533829,1.0
37.25_118.85,118.85,37.25,EDGAR only,True,False,2.4776327356578087,1.4641781205472952,0.0,11.038991839983758,1.0
37.25_118.95,118.95,37.25,EDGAR only,True,False,-2.7699835415332386,1.3750874652943896,0.0,3.944578019454044,0.9232479397796596
37.25_119.05,119.05,37.25,Neither,False,False,-19.66716537155761,-0.5653077856379152,0.0,1.063060044345512,0.3969355172214139
37.25_119.15,119.15,37.25,Neither,False,False,-16.213520116448382,-0.4691010908592326,0.0,6.255166124164063,0.0070620817683964
37.25_119.25,119.25,37.25,Neither,False,False,-9.908430244701094,0.4980602443104335,,12.1457180185512,0.0
37.25_119.35,119.35,37.25,Neither,False,False,0.7519056398003353,-0.7006445727117724,,13.717974412144388,0.0
37.25_119.45,119.45,37.25,Neither,False,False,-0.2346868816870971,-0.7006445727117724,,13.17962957536488,0.0
37.25_119.55,119.55,37.25,Neither,False,False,-0.9551907717107916,-0.7006445727117724,,12.104329633985396,0.0
37.25_119.65,119.65,37.25,Neither,False,False,0.515191157766175,-0.7006445727117724,,12.54810068123122,0.0
37.25_119.75,119.75,37.25,Neither,False,False,-27.70454792288314,-0.7006445727117724,,8.563761283486222,0.0
37.25_119.85,119.85,37.25,Neither,False,False,-5.778909960549208,-0.7006445727117724,0.0,3.0155710980970736,0.2443030727741086
37.25_119.95,119.95,37.25,Neither,False,False,6.140518431657663,0.0066174652452474,0.0,4.644572100168387,1.0
37.35_117.85,117.85,37.35,Pumpjack only,False,True,-0.344620341482679,0.1366171580786161,3.60159971448324,90.20855197753608,1.0
37.35_117.95,117.95,37.35,Neither,False,False,-1.7813916723949437,0.9590305362519786,0.0,87.71747873540515,1.0
37.35_118.05,118.05,37.35,Neither,False,False,-2.6386775787861114,0.5381276114335493,0.040696041971562,78.90988162901473,1.0
37.35_118.15,118.15,37.35,Neither,False,False,-4.318167807826093,0.0733422959120625,0.0915660944360145,70.10385318624058,1.0
37.35_118.25,118.25,37.35,Neither,False,False,-3.539896170998236,-0.0321296255010245,0.6918327135165545,61.30006944739433,1.0
37.35_118.35,118.35,37.35,Pumpjack only,False,True,-0.7783318456125452,-0.7006445727117724,2.0348020985781017,52.49965968267804,1.0
37.35_118.45,118.45,37.35,Neither,False,False,1.3406383941813025,-0.0452826035664646,0.8444428709099121,43.70466209894436,1.0
37.35_118.55,118.55,37.35,Neither,False,False,4.262744877648462,0.6231976947160965,0.7833988079525691,34.91916639058049,1.0
37.35_118.65,118.65,37.35,EDGAR only,True,False,3.963019782569962,1.4378017946825694,1.20053323816108,26.152750208866088,1.0
37.35_118.75,118.75,37.35,EDGAR only,True,False,-0.7029564938334861,1.4347033317931015,0.4171344302085108,17.43421852008344,1.0
37.35_118.85,118.85,37.35,Neither,False,False,-7.404245246811675,-0.7006339070087608,0.0,8.901623516647371,1.0
37.35_118.95,118.95,37.35,Neither,False,False,-12.574169284731832,-0.6963278016750978,0.8206412283672957,1.5405095988019033,0.4959054037844128
37.35_119.05,119.05,37.35,Neither,False,False,-26.24351222103221,-0.6654088672030002,,8.993047773703978,0.0
37.35_119.15,119.15,37.35,Neither,False,False,-0.1001985844878419,-0.4640688665156144,,14.730425854643771,0.0
37.35_119.25,119.25,37.35,Neither,False,False,-0.8209546878377761,0.0340917847659512,,20.402498573323165,0.0
37.35_119.35,119.35,37.35,Neither,False,False,0.540989768701639,-0.3824769319818109,,24.32049306006008,0.0
37.35_119.45,119.45,37.35,Neither,False,False,0.7906300784827839,-0.7000401988199948,,24.225797246237487,0.0
37.35_119.55,119.55,37.35,Neither,False,False,-0.913531822506508,-0.7005356406318,,23.208280452691994,0.0
37.35_119.65,119.65,37.35,Neither,False,False,1.0057152712928783,-0.7006445727117724,,17.31433028098766,0.0
37.35_119.75,119.75,37.35,Neither,False,False,-32.548314798245194,-0.7006445727117724,,8.515234421351042,0.0
37.35_119.85,119.85,37.35,Neither,False,False,-2.3013249670382634,-0.7006445727117724,0.0,0.774513567503476,0.2776185985981376
37.35_119.95,119.95,37.35,Neither,False,False,12.095617259931114,-0.453193499839141,0.0,4.273516716537465,0.9204207994890702
37.45_117.85,117.85,37.45,Neither,False,False,-0.8470143862374696,0.0592263297068845,1.0493223685011648,79.41454695147226,1.0
37.45_117.95,117.95,37.45,Neither,False,False,0.6008683545993813,0.5086348030119665,0.3158154701314185,77.58567861683484,1.0
37.45_118.05,118.05,37.45,Pumpjack only,False,True,1.868367536004684,0.3213789764346899,4.411228986029169,76.73182035639597,1.0
37.45_118.15,118.15,37.45,Pumpjack only,False,True,1.8036783502842333,0.1939687900505836,4.502917348325387,70.48957518396341,1.0
37.45_118.25,118.25,37.45,Neither,False,False,-1.6172859355818867,0.2814333054006401,0.3565658533741822,61.74081706871901,1.0
37.45_118.35,118.35,37.45,Pumpjack only,False,True,1.7777065383467825,0.0851415878986775,2.4755857819978937,53.01362320059504,1.0
37.45_118.45,118.45,37.45,Both high,True,True,3.620076203121225,1.4983850993235484,2.0171439705168024,44.320734055750485,1.0
37.45_118.55,118.55,37.45,EDGAR only,True,False,1.923844416268182,1.741304373484393,0.652006131884219,35.6872268391746,1.0
37.45_118.65,118.65,37.45,EDGAR only,True,False,-1.0977799291417265,1.4121071864083197,0.7844448774232009,27.16976852210932,1.0
37.45_118.75,118.75,37.45,Neither,False,False,1.7502071931060657,0.5229041625118002,0.6621937276949098,18.925695587314035,1.0
37.45_118.85,118.85,37.45,Neither,False,False,-3.3198632969877977,0.0273382909711323,0.5908805570200734,11.555736896736745,1.0
37.45_118.95,118.95,37.45,Neither,False,False,-16.77658878839836,-0.5580342958724801,0.0,8.01596075550386,0.509255640904297
37.45_119.05,119.05,37.45,Neither,False,False,-16.610159651193676,-0.7004641625195264,,12.168215325514204,0.0
37.45_119.15,119.15,37.45,Neither,False,False,0.4150997067768331,-0.6147637867315422,,19.20706955848692,0.0
37.45_119.25,119.25,37.45,Neither,False,False,4.030685863129949,0.4417440132364428,,24.703231246310995,0.0
37.45_119.35,119.35,37.45,Neither,False,False,-1.0084002707905442,-0.1302227109327232,,26.060201003520262,0.0
37.45_119.45,119.45,37.45,Neither,False,False,0.3790389957528207,-0.1515771915637401,,30.05638016334121,0.0
37.45_119.55,119.55,37.45,Neither,False,False,1.252746763908132,-0.6471260932800393,,28.67014636369194,0.0
37.45_119.65,119.65,37.45,Neither,False,False,1.408651807676526,-0.6925060858801472,,20.951937579444227,0.0
37.45_119.75,119.75,37.45,Neither,False,False,-2.371010693339141,-0.7005356406318,,13.86033635790884,0.0
37.45_119.85,119.85,37.45,Neither,False,False,-9.660777761645068,-0.5547575320138306,,9.27056292628644,0.0
37.45_119.95,119.95,37.45,Neither,False,False,4.490584366625152,1.1912367122860343,0.0,5.2535599981699885,0.0398038683736026
37.55_117.85,117.85,37.55,Neither,False,False,-0.6465642359049534,0.0543384054396518,0.0,68.69277718471253,1.0
37.55_117.95,117.95,37.55,Neither,False,False,-0.0194176564535559,0.2163849102070197,0.0,66.60681490702498,1.0
37.55_118.05,118.05,37.55,Neither,False,False,-0.7766210737305909,-0.20276042745678,0.0,65.61023183033365,1.0
37.55_118.15,118.15,37.55,Neither,False,False,0.6622592612053901,-0.7006445727117724,1.5097847889773237,65.7898527088018,1.0
37.55_118.25,118.25,37.55,Neither,False,False,-0.1386153948347589,-0.7006445727117724,1.0303261059912816,62.42360266404987,1.0
37.55_118.35,118.35,37.55,Both high,True,True,-2.0057076582482463,1.42124288975626,2.856349600767909,53.615412593969246,1.0
37.55_118.45,118.45,37.55,EDGAR only,True,False,2.252927077816598,1.4234536321242213,1.275156071771388,44.809443597618895,1.0
37.55_118.55,118.55,37.55,Neither,False,False,3.4624563749938915,1.096774877495443,0.6426786601727796,36.00732527249242,1.0
37.55_118.65,118.65,37.55,Neither,False,False,0.4800814565402148,0.6752897349353171,0.1836224743350799,27.212794433393004,1.0
37.55_118.75,118.75,37.55,Neither,False,False,4.676200214000325,0.3367343727715828,0.979319863120426,18.436712242520898,1.0
37.55_118.85,118.85,37.55,Neither,False,False,-3.448650213317663,-0.7006445727117724,0.0,9.72913180079212,1.0
37.55_118.95,118.95,37.55,Neither,False,False,-14.526533644205305,-0.7006445727117724,0.0,2.183374160582442,0.6275237205358906
37.55_119.05,119.05,37.55,Neither,False,False,-17.617293411711437,-0.6994386326531645,,7.693908828555577,0.0
37.55_119.15,119.15,37.55,Neither,False,False,2.1242997494724327,-0.699415486010042,,15.167047224834526,0.0
37.55_119.25,119.25,37.55,Neither,False,False,2.885535741925194,-0.6951490891976138,,13.575367943878282,0.0
37.55_119.35,119.35,37.55,Neither,False,False,0.3489074911844324,-0.6606657651835873,,15.91147564328465,0.0
37.55_119.45,119.45,37.55,Neither,False,False,-0.077559173130902,-0.4017199992552088,,21.850102272672626,0.0
37.55_119.55,119.55,37.55,Neither,False,False,1.7932584271524294,0.0698181736191509,,29.27535399188054,0.0
37.55_119.65,119.65,37.55,Neither,False,False,0.7776870106683793,-0.0866853966856032,,28.027312889172595,0.0
37.55_119.75,119.75,37.55,Neither,False,False,0.6808866395542077,-0.6384038786321093,,23.112574684035103,0.0
37.55_119.85,119.85,37.55,Neither,False,False,-1.3456250415961355,0.4414468802223541,,19.321816990691865,0.0
37.55_119.95,119.95,37.55,Neither,False,False,0.7174835163133156,-0.4599168324276169,,14.878255590553971,0.0
37.65_117.85,117.85,37.65,Neither,False,False,-0.6288106282962497,0.2038072654934337,0.0,58.07501743324104,1.0
37.65_117.95,117.95,37.65,Neither,False,False,-0.026607008116296,-0.7006445727117724,0.0,55.688786175338485,1.0
37.65_118.05,118.05,37.65,Neither,False,False,-2.066461706465572,-0.5670021622765464,0.0,54.492895265841874,1.0
37.65_118.15,118.15,37.65,Neither,False,False,-1.095052902814459,1.35729915810526,0.0204299382763959,54.709028807590094,1.0
37.65_118.25,118.25,37.65,EDGAR only,True,False,1.7841020113456127,1.427645708127107,1.6139651238352772,53.25033402173616,1.0
37.65_118.35,118.35,37.65,Neither,False,False,4.237208374292124,0.7702683513493537,1.6446100312498713,49.579100283179336,1.0
37.65_118.45,118.45,37.65,Neither,False,False,3.1847123078647828,-0.0114251922179851,0.960207098990608,46.26061361031523,1.0
37.65_118.55,118.55,37.65,Neither,False,False,2.4351174950402905,0.7912246001436878,0.0612898148291877,37.54791994495675,1.0
37.65_118.65,118.65,37.65,Neither,False,False,0.5190598459979673,-0.7006445727117724,0.0,28.89663791216942,1.0
37.65_118.75,118.75,37.65,Neither,False,False,5.105305618190652,-0.7006445727117724,0.0,20.38510590861764,1.0
37.65_118.85,118.85,37.65,Neither,False,False,5.897315566971447,-0.7006445727117724,0.0,11.981379050815166,1.0
37.65_118.95,118.95,37.65,Neither,False,False,-5.237585047965715,-0.7006445727117724,0.0,4.173892883580374,0.9364776241281404
37.65_119.05,119.05,37.65,Neither,False,False,-1.9228100434531283,-0.6990633095651341,0.0,3.4843351465410146,0.0984054219342625
37.65_119.15,119.15,37.65,Neither,False,False,3.909850093643676,-0.7002684337607282,0.0,6.598680536725649,0.0043752583994862
37.65_119.25,119.25,37.65,Neither,False,False,-2.142399847470396,-0.6994276656073553,0.0,2.484842774628371,0.1339270362248518
37.65_119.35,119.35,37.65,Neither,False,False,-5.128138795019718,-0.6651785351412157,,8.663653152670957,0.0
37.65_119.45,119.45,37.65,Neither,False,False,-1.6890985832203067,-0.6495302512691663,,17.300601091557425,0.0
37.65_119.55,119.55,37.65,Neither,False,False,1.2986836909984243,-0.4635812929281654,,26.05628868724133,0.0
37.65_119.65,119.65,37.65,Neither,False,False,0.1769712048943619,-0.287106697359949,,34.84131214551053,0.0
37.65_119.75,119.75,37.65,Neither,False,False,-0.5065917897198184,-0.1158602288164037,,33.20180993260605,0.0
37.65_119.85,119.85,37.65,Neither,False,False,-1.414234186005371,-0.0343777832918227,,28.5471199350346,0.0
37.65_119.95,119.95,37.65,Neither,False,False,0.767601521620206,-0.5626638161713727,,23.720692472928768,0.0
37.75_117.85,117.85,37.75,Neither,False,False,0.0937931944395954,0.6578916773702066,0.0,47.69235274542284,1.0
37.75_117.95,117.95,37.75,Neither,False,False,-0.0618406059447131,1.289035255615282,0.0,44.87601661585351,1.0
37.75_118.05,118.05,37.75,EDGAR only,True,False,-1.2296970267499672,1.5098374297872732,0.0,43.383079605738,1.0
37.75_118.15,118.15,37.75,EDGAR only,True,False,2.086449150218832,1.3818050243897588,0.0102287578604758,43.65425288209057,1.0
37.75_118.25,118.25,37.75,Neither,False,False,2.544726552020011,0.5179830731742209,0.0,42.41876685903784,1.0
37.75_118.35,118.35,37.75,Neither,False,False,3.934865262197033,0.4097977363768273,0.0,39.30864209716687,1.0
37.75_118.45,118.45,37.75,Neither,False,False,4.621544961098644,0.5083968896188571,0.8183006288380683,36.37342333119733,1.0
37.75_118.55,118.55,37.75,Neither,False,False,1.4974844194154304,0.1558650102994894,0.1125163364652344,35.44361685807574,1.0
37.75_118.65,118.65,37.75,Neither,False,False,1.082711970369726,0.2513458482672582,1.2376797011175784,32.69033566659795,1.0
37.75_118.75,118.75,37.75,Neither,False,False,-0.4838783105176477,-0.7006445727117724,0.1636601257676136,24.992331050475336,1.0
37.75_118.85,118.85,37.75,Neither,False,False,-1.2452504856703617,-0.7006445727117724,1.1967646696756749,16.465529603283215,1.0
37.75_118.95,118.95,37.75,Neither,False,False,-1.786191785659274,-0.7006445727117724,0.3375490093957032,8.284050233579684,1.0
37.75_119.05,119.05,37.75,Neither,False,False,0.6154707589091134,-0.6998925484045183,0.4403716794203077,2.008318396385908,0.7665093491934875
37.75_119.15,119.15,37.75,Neither,False,False,-3.903026170973445,-0.700136051093915,0.9677920007654524,2.976543004754721,0.7926877251815724
37.75_119.25,119.25,37.75,Neither,False,False,0.11252244436363,-0.6983580183049841,0.0,2.252831208532203,0.4505746919444287
37.75_119.35,119.35,37.75,Neither,False,False,-1.3023073780433947,-0.6187583773780803,,8.82848515234516,0.0
37.75_119.45,119.45,37.75,Neither,False,False,0.4448173279661535,-0.6486066020459764,,17.207034325962656,0.0
37.75_119.55,119.55,37.75,Neither,False,False,-0.4603797548633985,-0.6368080733032312,,25.876425184881803,0.0
37.75_119.65,119.65,37.75,Neither,False,False,-0.9818926090289036,-0.6394516937814971,,34.61884169418568,0.0
37.75_119.75,119.75,37.75,Neither,False,False,-1.252938907704109,-0.5160938756280203,,41.694317065879865,0.0
37.75_119.85,119.85,37.75,Neither,False,False,-1.2471717281312913,-0.1141536173835581,,33.05454529533819,0.0
37.75_119.95,119.95,37.75,Neither,False,False,3.086576322783752,0.0220195336762822,,24.53889409931216,0.0
37.85_117.85,117.85,37.85,EDGAR only,True,False,1.2977842083182716,1.4080500697975216,0.5838290607891155,37.73931926938421,1.0
37.85_117.95,117.95,37.85,EDGAR only,True,False,0.3198542493620293,1.3897198859441862,0.1331539963203246,34.169691617372955,1.0
37.85_118.05,118.05,37.85,Neither,False,False,3.811077216405887,-0.7006445727117724,0.0,32.288549142097914,1.0
37.85_118.15,118.15,37.85,Neither,False,False,2.2561272815835265,-0.7006445727117724,0.0,32.56101251167906,1.0
37.85_118.25,118.25,37.85,Neither,False,False,6.98407561219731,-0.7006445727117724,0.4199472191641006,31.41236823142447,1.0
37.85_118.35,118.35,37.85,Neither,False,False,4.956281053205194,-0.7006445727117724,1.2086285819844846,29.644364991783053,1.0
37.85_118.45,118.45,37.85,Neither,False,False,2.6122381484784936,-0.7006445727117724,0.2253375322343954,25.650554213586958,1.0
37.85_118.55,118.55,37.85,Neither,False,False,1.4246077390052374,-0.0772893655296081,0.0204852302031268,24.314090207444416,1.0
37.85_118.65,118.65,37.85,EDGAR only,True,False,3.6858348267203977,1.78557146874105,1.6285758011485854,26.010843825775115,1.0
37.85_118.75,118.75,37.85,Pumpjack only,False,True,2.038000867617423,0.1900769246042109,13.305157016930895,25.11876964174437,1.0
37.85_118.85,118.85,37.85,Pumpjack only,False,True,0.4924394387354825,-0.7006445727117724,10.4474674035947,18.041939237015573,1.0
37.85_118.95,118.95,37.85,Neither,False,False,2.207004413076328,-0.6990633095651341,0.932077974242272,13.245301974419291,1.0
37.85_119.05,119.05,37.85,Pumpjack only,False,True,7.882773096477836,-0.7006445727117724,16.1321187849624,5.911406005673065,1.0
37.85_119.15,119.15,37.85,Neither,False,False,-17.235993655160414,-0.413636592629705,0.0,2.936316673378615,0.3412373005846719
37.85_119.25,119.25,37.85,Neither,False,False,6.515633333430817,-0.6211519044833228,0.0,6.4835221065760615,0.0033510328406434
37.85_119.35,119.35,37.85,Neither,False,False,-2.025314804172947,-0.659357022603034,,13.00544072897937,0.0
37.85_119.45,119.45,37.85,Neither,False,False,-0.2446521100890504,-0.6513859750922378,,20.320909204550745,0.0
37.85_119.55,119.55,37.85,Neither,False,False,-0.9598591849920046,-0.6466235335618574,,28.49745046646181,0.0
37.85_119.65,119.65,37.85,EDGAR only,True,False,-0.3389163760298279,3.76084317834036,,36.96806033756268,0.0
37.85_119.75,119.75,37.85,Neither,False,False,-1.1569648192439157,-0.5325604486902149,,45.00827697004305,0.0
37.85_119.85,119.85,37.85,Neither,False,False,0.1033962495249077,-0.4086659715296264,,37.1474344323205,0.0
37.85_119.95,119.95,37.85,Neither,False,False,1.7769527928934268,0.2309075296665222,,29.82425596455415,0.0
37.95_117.85,117.85,37.95,EDGAR only,True,False,3.148519649220392,1.693942607955344,0.6051359322696607,28.6669631359712,1.0
37.95_117.95,117.95,37.95,Neither,False,False,-0.5919331034018916,-0.7006445727117724,0.6974448032938462,23.771966299592982,1.0
37.95_118.05,118.05,37.95,Neither,False,False,-0.2879014300691303,-0.7006445727117724,0.0,21.23327726295418,1.0
37.95_118.15,118.15,37.95,Neither,False,False,-3.924960711105677,-0.7006445727117724,0.0,21.4299608300856,1.0
37.95_118.25,118.25,37.95,Neither,False,False,12.933163938318556,-0.7006445727117724,0.8718060041173078,20.54178234651877,1.0
37.95_118.35,118.35,37.95,Neither,False,False,10.537177384721137,-0.7006445727117724,1.4666853951620589,19.132031361326256,1.0
37.95_118.45,118.45,37.95,Neither,False,False,3.5563991122622576,-0.7006445727117724,1.4769419363869685,15.515114762636951,1.0
37.95_118.55,118.55,37.95,Neither,False,False,-1.151233976550854,-0.5666320753618476,0.8102667567678508,13.188739031817114,1.0
37.95_118.65,118.65,37.95,Pumpjack only,False,True,3.970281433719933,-0.7006445727117724,2.369261022954096,15.97366828068432,1.0
37.95_118.75,118.75,37.95,Neither,False,False,-2.0076071784521354,-0.1498430072115919,0.225643906948009,19.527438230206418,1.0
37.95_118.85,118.85,37.95,Neither,False,False,8.50944955936953,0.1398370188709058,1.1589891584147738,12.044567700291092,1.0
37.95_118.95,118.95,37.95,Neither,False,False,-0.6713262204410608,-0.7006445727117724,1.1647130107055652,4.35861781394873,0.942249207296567
37.95_119.05,119.05,37.95,Pumpjack only,False,True,-1.9363982083565323,-0.6993010295845751,17.41288276976511,0.2653842860082733,0.4046569378935685
37.95_119.15,119.15,37.95,Neither,False,False,-27.32700923841153,-0.6504981016843008,,6.547037529203662,0.0
37.95_119.25,119.25,37.95,Neither,False,False,0.5872743739668976,-0.6622710226902911,,14.48772323642047,0.0
37.95_119.35,119.35,37.95,Neither,False,False,-1.5375617131721016,-0.6043578603683579,,20.678253136257684,0.0
37.95_119.45,119.45,37.95,EDGAR only,True,False,0.1013012166573127,3.613092717580488,,26.975989952919164,0.0
37.95_119.55,119.55,37.95,Neither,False,False,-0.2426461585419538,-0.5097755268842362,,33.69841804430845,0.0
37.95_119.65,119.65,37.95,EDGAR only,True,False,-1.9023736226919383,4.104750349059194,,41.11102261829792,0.0
37.95_119.75,119.75,37.95,Neither,False,False,-0.2987867522219974,-0.5501269542143731,,48.98996277401714,0.0
37.95_119.85,119.85,37.95,Neither,False,False,0.490849629020317,-0.3815858769262935,,43.76189727520476,0.0
37.95_119.95,119.95,37.95,Neither,False,False,-0.2990597350624406,-0.4493475652016214,,37.744642163640485,0.0
38.05_117.85,117.85,38.05,Neither,False,False,-0.6137349588384963,-0.7006445727117724,0.0,19.65532306769081,1.0
38.05_117.95,117.95,38.05,Neither,False,False,1.0648919250237048,-0.7006445727117724,0.1540580489531433,14.508197209565465,1.0
38.05_118.05,118.05,38.05,Neither,False,False,-1.3162177474775971,-0.6047823691986923,0.0,10.343914585365788,1.0
38.05_118.15,118.15,38.05,Pumpjack only,False,True,-11.732552331002742,-0.7006445727117724,2.167083221940882,10.300958915184914,1.0
38.05_118.25,118.25,38.05,Neither,False,False,1.5580988499781756,-0.7005338574924117,1.2119233184313938,10.248688405690467,1.0
38.05_118.35,118.35,38.05,Neither,False,False,2.345091685350589,-0.7001979480264026,0.1027053659687621,9.29283707982346,1.0
38.05_118.45,118.45,38.05,Neither,False,False,-1.9907147649616537,-0.7005376722000475,0.0,6.106524690416842,0.9929400751398492
38.05_118.55,118.55,38.05,Neither,False,False,4.242668307840977,-0.6992459159748483,0.0249784364779155,2.13390250082677,0.8223522401777892
38.05_118.65,118.65,38.05,Pumpjack only,False,True,13.515316435070632,-0.6990445345010553,2.8449386373347125,7.305368544298608,1.0
38.05_118.75,118.75,38.05,Neither,False,False,8.231242820778736,-0.6986882358208812,0.1951401953406481,11.738816401543025,1.0
38.05_118.85,118.85,38.05,Neither,False,False,10.020121971159742,-0.035609977558599,1.2324643916251463,6.650528254082856,1.0
38.05_118.95,118.95,38.05,Pumpjack only,False,True,5.248896790434599,1.0620514433401904,6.02790348880139,0.7096173415125,0.4821845376781108
38.05_119.05,119.05,38.05,Neither,False,False,-29.326494712544164,0.4125070979398207,,8.471237930114855,0.0
38.05_119.15,119.15,38.05,Neither,False,False,-0.673013779571761,0.1264029212674752,,14.462547024253492,0.0
38.05_119.25,119.25,38.05,Neither,False,False,0.9011091161278626,-0.012708780318274,,20.641698587584205,0.0
38.05_119.35,119.35,38.05,Neither,False,False,1.3905593572298969,0.0606867559403602,,27.358318928458345,0.0
38.05_119.45,119.45,38.05,Neither,False,False,0.4489067011902496,0.0519337573013773,,34.876275094569145,0.0
38.05_119.55,119.55,38.05,Neither,False,False,-1.226666675881388,0.0965392227176767,,40.88809014235269,0.0
38.05_119.65,119.65,38.05,Neither,False,False,-1.707428407517945,0.0631672177803649,,47.5545762710877,0.0
38.05_119.75,119.75,38.05,EDGAR only,True,False,-1.6070481813790864,3.833646160873916,,54.50998070262068,0.0
38.05_119.85,119.85,38.05,Neither,False,False,0.6806826464664607,0.0692328267730932,,51.94341410946672,0.0
38.05_119.95,119.95,38.05,Neither,False,False,0.9104974772298308,0.0801240537588513,,46.96543645557451,0.0
38.15_117.85,117.85,38.15,Neither,False,False,-7.054672763064673,-0.7006445727117724,0.0,11.581580738609649,1.0
38.15_117.95,117.95,38.15,Neither,False,False,-6.9247001535367065,-0.7006445727117724,0.0,5.550353024937492,0.9951657693674556
38.15_118.05,118.05,38.15,Neither,False,False,-0.0218988847416291,-0.6121411910590461,0.0,0.4593163974232609,0.669172963220879
38.15_118.15,118.15,38.15,Neither,False,False,-9.465687365894306,-0.6993593564984188,0.5406829859933465,0.9050613049040004,0.4565160074879723
38.15_118.25,118.25,38.15,Neither,False,False,-14.124516539304071,-0.7005338574924117,0.3719193861305618,3.063322165531508,0.3871387929323027
38.15_118.35,118.35,38.15,Neither,False,False,-6.031494843299759,-0.7001979480264026,0.0458758269375277,4.155774423294432,0.2241834594234162
38.15_118.45,118.45,38.15,Neither,False,False,-16.06517417332235,-0.7005376722000475,0.0,4.7000865824998925,0.068111048978782
38.15_118.55,118.55,38.15,Neither,False,False,-17.272590077265754,-0.6990059639487013,0.0,6.160859363689438,0.0049997740854044
38.15_118.65,118.65,38.15,Neither,False,False,5.4072926509005,-0.6976092279442376,0.4292029780601408,0.6434439272758831,0.3833934846677158
38.15_118.75,118.75,38.15,Pumpjack only,False,True,0.8603986808369842,-0.7004911699363281,1.938999346561978,1.0765581925308303,0.5304076870887265
38.15_118.85,118.85,38.15,Pumpjack only,False,True,8.334827825405668,-0.6732685095590903,2.6559266808787068,0.9185367162422716,0.4336999910466559
38.15_118.95,118.95,38.15,Pumpjack only,False,True,-9.493436356748637,0.6671928568104528,10.26605731840281,5.444549022318714,0.0500903183558543
38.15_119.05,119.05,38.15,Neither,False,False,-15.064612696158852,1.3470611639369283,,10.58739946291031,0.0
38.15_119.15,119.15,38.15,EDGAR only,True,False,-3.448262632209859,1.5590506463936402,,18.576520597730944,0.0
38.15_119.25,119.25,38.15,Neither,False,False,0.0520298762953793,-0.0333789817925241,,27.082257614401875,0.0
38.15_119.35,119.35,38.15,Neither,False,False,1.1352272446375908,-0.3914916178358568,,34.819073737177106,0.0
38.15_119.45,119.45,38.15,EDGAR only,True,False,-1.6632579802855123,4.012060270742298,,41.11291065409502,0.0
38.15_119.55,119.55,38.15,EDGAR only,True,False,-1.768304923368163,4.178096505363657,,48.201703871861895,0.0
38.15_119.65,119.65,38.15,Neither,False,False,-1.3999727107201745,-0.5445613396360878,,54.94704828180216,0.0
38.15_119.75,119.75,38.15,Neither,False,False,-0.4054004867341576,-0.5448582678417588,,61.52555896201451,0.0
38.15_119.85,119.85,38.15,Neither,False,False,0.2515857775941067,-0.4676566429816691,,61.059895133348405,0.0
38.15_119.95,119.95,38.15,Neither,False,False,-0.4514495838895029,-0.3593491794601169,,56.84332783231373,0.0
38.25_117.85,117.85,38.25,Neither,False,False,-1.3768048910017774,-0.4105270208689466,0.0,2.5869667097502176,0.6812012786105265
38.25_117.95,117.95,38.25,Neither,False,False,-11.693640746386489,-0.7005597878077735,0.0,1.9310888428269823,0.2210467607747229
38.25_118.05,118.05,38.25,Neither,False,False,-7.239175868302063,-0.691732734116739,,7.002077489788415,0.0
38.25_118.15,118.15,38.25,Neither,False,False,-24.64120223948912,-0.6392949939319356,,11.210116173495368,0.0
38.25_118.25,118.25,38.25,Neither,False,False,2.077414027147006,-0.6514740361170583,,12.074124178037408,0.0
38.25_118.35,118.35,38.25,Neither,False,False,-0.9602062942037632,-0.6953987105041008,,14.000962435578554,0.0
38.25_118.45,118.45,38.25,Neither,False,False,3.685577669947357,-0.6858444500322975,,15.579579025646469,0.0
38.25_118.55,118.55,38.25,Neither,False,False,-4.645492792540027,-0.6125457273792823,,14.841080681604362,0.0
38.25_118.65,118.65,38.25,Neither,False,False,-1.486835582278789,-0.6578037534985047,,11.619211676310565,0.0
38.25_118.75,118.75,38.25,EDGAR only,True,False,-3.1589347670332777,3.658321103492763,,10.600046819456823,0.0
38.25_118.85,118.85,38.25,Neither,False,False,-0.1302384476127171,-0.6324285901133683,,10.880521951110886,0.0
38.25_118.95,118.95,38.25,Neither,False,False,3.910527585196229,-0.6357115110516333,,14.5414303513319,0.0
38.25_119.05,119.05,38.25,Neither,False,False,0.9672016591129734,-0.326462499166299,,19.149990593152367,0.0
38.25_119.15,119.15,38.25,EDGAR only,True,False,-1.4279078370523386,3.995688242438622,,24.48910430882503,0.0
38.25_119.25,119.25,38.25,EDGAR only,True,False,1.0159548380689196,4.2644697324029694,,31.43370467863149,0.0
38.25_119.35,119.35,38.25,Neither,False,False,0.5433219142906626,-0.2130775147952593,,39.13830373997544,0.0
38.25_119.45,119.45,38.25,Neither,False,False,-0.3804913014279615,-0.265008617269748,,47.23243926906572,0.0
38.25_119.55,119.55,38.25,EDGAR only,True,False,-2.280987226341184,4.05375524710975,,55.093334879604605,0.0
38.25_119.65,119.65,38.25,Neither,False,False,-2.025879342498811,-0.2971150793473587,,61.83668693987213,0.0
38.25_119.75,119.75,38.25,Neither,False,False,0.905063247948469,-0.2369428183049418,,69.04812542775764,0.0
38.25_119.85,119.85,38.25,Neither,False,False,-0.4157609353283574,-0.1098202701320056,,70.72174587271503,0.0
38.25_119.95,119.95,38.25,Neither,False,False,-0.7413953653422899,-0.1135689207404683,,65.23140300949362,0.0
38.35_117.85,117.85,38.35,Neither,False,False,-0.3109605428985939,0.3552535992885,,7.439788623739629,0.0
38.35_117.95,117.95,38.35,Neither,False,False,-6.417587905774212,-0.1920838646297168,,12.36597417385488,0.0
38.35_118.05,118.05,38.35,Neither,False,False,-3.2229388309146025,-0.4796157391047953,,16.06302526706108,0.0
38.35_118.15,118.15,38.35,Neither,False,False,0.2702198227178201,0.315474569495854,,21.17707912055297,0.0
38.35_118.25,118.25,38.35,Neither,False,False,-4.518054563862789,0.046905543518833,,23.02233382269316,0.0
38.35_118.35,118.35,38.35,Neither,False,False,-0.2987632826233153,-0.0524141172502197,,24.95248054177537,0.0
38.35_118.45,118.45,38.35,Neither,False,False,3.233712334211239,-0.1554559204433733,,26.640890437346027,0.0
38.35_118.55,118.55,38.35,Neither,False,False,-0.4732791173727717,-0.4195329961115823,,24.549798037647413,0.0
38.35_118.65,118.65,38.35,Neither,False,False,-1.0742409752530413,-0.5088228107263663,,22.74732924697531,0.0
38.35_118.75,118.75,38.35,Neither,False,False,-3.1376106616639112,-0.5546758736573388,,21.7118828204159,0.0
38.35_118.85,118.85,38.35,Neither,False,False,1.9839573056754432,-0.5122118228070289,,21.994786976875897,0.0
38.35_118.95,118.95,38.35,Neither,False,False,3.789604521809345,0.0438197719832459,,24.017453921933114,0.0
38.35_119.05,119.05,38.35,EDGAR only,True,False,-0.0736647407308826,3.897748951088682,,28.56180822118804,0.0
38.35_119.15,119.15,38.35,Neither,False,False,1.4338060126018406,0.7718859750658552,,33.19921972244418,0.0
38.35_119.25,119.25,38.35,Neither,False,False,3.7257780546131154,0.0438346079498015,,38.60763849491487,0.0
38.35_119.35,119.35,38.35,Neither,False,False,3.172070028514732,0.0256090723935721,,45.102979723885085,0.0
38.35_119.45,119.45,38.35,Neither,False,False,-1.3958580458180645,-0.0888652998013559,,52.28169162944707,0.0
38.35_119.55,119.55,38.35,Neither,False,False,-2.0638749055325323,-0.0877169778815621,,59.89857468374562,0.0
38.35_119.65,119.65,38.35,EDGAR only,True,False,-1.472333103714002,3.074131927015567,,67.80612574462857,0.0
38.35_119.75,119.75,38.35,Neither,False,False,1.7738751416646563,-0.1183510591242317,,75.67930869856677,0.0
38.35_119.85,119.85,38.35,Neither,False,False,-0.5142266632209146,-0.2798174476350164,,78.40042174535327,0.0
38.35_119.95,119.95,38.35,Neither,False,False,-0.5209028368559921,-0.2632345976470215,,71.05292168426558,0.0
38.45_117.85,117.85,38.45,Neither,False,False,0.0367605933256401,-0.6564475302740838,,14.23550486979151,0.0
38.45_117.95,117.95,38.45,Neither,False,False,0.2489594074277192,-0.6659942176784001,,21.617971348393148,0.0
38.45_118.05,118.05,38.45,Neither,False,False,-1.159071857804338,-0.3723022178646869,,25.876100483035515,0.0
38.45_118.15,118.15,38.45,Neither,False,False,1.2608031828348203,-0.3013634312708232,,30.25760689786769,0.0
38.45_118.25,118.25,38.45,Neither,False,False,-2.0830032604598494,-0.2977426403855599,,34.089794405662474,0.0
38.45_118.35,118.35,38.45,Neither,False,False,-0.0674882924205153,-0.2020257919116475,,35.95671626885612,0.0
38.45_118.45,118.45,38.45,EDGAR only,True,False,0.1782441385538963,3.5040360608082293,,37.74378958150521,0.0
38.45_118.55,118.55,38.45,Neither,False,False,0.0717935828667022,-0.3022502417744294,,35.11367738617852,0.0
38.45_118.65,118.65,38.45,Neither,False,False,-2.209609984680444,-0.5163669363522713,,33.87799793024443,0.0
38.45_118.75,118.75,38.45,Neither,False,False,-0.857338190579387,-0.5200759120417077,,32.83738063001111,0.0
38.45_118.85,118.85,38.45,Neither,False,False,2.2500320783354995,-0.5053617073371114,,33.120966145142205,0.0
38.45_118.95,118.95,38.45,Neither,False,False,2.9465645639353526,-0.3627147953614078,,34.49733086952796,0.0
38.45_119.05,119.05,38.45,EDGAR only,True,False,-0.1170496324347329,3.274563386708786,,37.9275723676057,0.0
38.45_119.15,119.15,38.45,Neither,False,False,3.2537915733217155,-0.1928595821983696,,42.60308041911418,0.0
38.45_119.25,119.25,38.45,Neither,False,False,3.853842434003045,-0.1420621008635364,,47.33777094968243,0.0
38.45_119.35,119.35,38.45,Neither,False,False,-0.1270968386660918,-0.1790290026669818,,52.76924850993952,0.0
38.45_119.45,119.45,38.45,Neither,False,False,-0.51085568797155,-0.2102064808747302,,59.02279295295302,0.0
38.45_119.55,119.55,38.45,Neither,False,False,-0.3688030882696643,-0.2506358405576693,,65.86466471086615,0.0
38.45_119.65,119.65,38.45,Neither,False,False,-1.018795498295329,-0.2584157952818547,,73.12992203487535,0.0
38.45_119.75,119.75,38.45,Neither,False,False,-1.1211061590583784,-0.2842021571165675,,80.70430227703561,0.0
38.45_119.85,119.85,38.45,Neither,False,False,0.4866033506133267,-0.3326180651132199,,83.92847351125722,0.0
38.45_119.95,119.95,38.45,Neither,False,False,2.053633614533514,-0.294075220585684,,75.72798780404825,0.0
