replicate,method,mean_dxch4_ppb,n_days,n_high_grids,n_controls,mean_match_distance_km
1,latitude_stratified_random_hotspot,-0.565067727372379,862,38,167,15.542936758331445
2,latitude_stratified_random_hotspot,0.1383102365590829,919,38,165,13.488440954452493
3,latitude_stratified_random_hotspot,1.2824138390455029,911,38,165,14.408407393797422
4,latitude_stratified_random_hotspot,-0.225239369815829,887,38,166,16.021216630636403
5,latitude_stratified_random_hotspot,0.9410387770943476,909,38,170,14.404662428162029
6,latitude_stratified_random_hotspot,0.3498214943518292,940,38,167,13.828760497838486
7,latitude_stratified_random_hotspot,0.5627702676030474,944,38,164,14.365864295683224
8,latitude_stratified_random_hotspot,-0.772203458592825,860,38,167,13.477453750543148
9,latitude_stratified_random_hotspot,0.0036006141281885,934,38,162,12.884184015107216
10,latitude_stratified_random_hotspot,0.7157714331869562,918,38,164,15.052118521576286
11,latitude_stratified_random_hotspot,1.0744936774049596,902,38,168,13.883289071284809
12,latitude_stratified_random_hotspot,1.1766473870728986,914,38,163,14.482908869578996
13,latitude_stratified_random_hotspot,1.160757039184103,859,38,168,12.369364598562544
14,latitude_stratified_random_hotspot,1.43807692147079,903,38,162,12.7350085271683
15,latitude_stratified_random_hotspot,0.567638272595996,941,38,159,11.873242091411536
16,latitude_stratified_random_hotspot,0.0890370419664505,911,38,164,14.10642564708027
17,latitude_stratified_random_hotspot,0.6966029326876283,916,38,169,14.16186421886828
18,latitude_stratified_random_hotspot,0.5622587061036872,938,38,171,13.916585895090194
19,latitude_stratified_random_hotspot,0.5577572445471094,913,38,165,13.009545772843156
20,latitude_stratified_random_hotspot,0.2354822706981333,901,38,164,12.117029045866031
21,latitude_stratified_random_hotspot,-0.4194020755379146,854,38,166,13.76627941999719
22,latitude_stratified_random_hotspot,-0.2509822117063175,908,38,167,12.859953120122425
23,latitude_stratified_random_hotspot,0.7148245538944938,878,38,169,14.070842359210909
24,latitude_stratified_random_hotspot,0.1365860381340596,933,38,169,14.30202185361838
25,latitude_stratified_random_hotspot,1.1471997505259894,862,38,161,12.567217586044638
26,latitude_stratified_random_hotspot,-0.4008134320271256,856,38,163,13.489067612217807
27,latitude_stratified_random_hotspot,0.5443867438422537,923,38,169,13.744429302030476
28,latitude_stratified_random_hotspot,0.5439957861543606,942,38,167,14.273467658330532
29,latitude_stratified_random_hotspot,0.564344647571424,871,38,166,13.827303020829495
30,latitude_stratified_random_hotspot,-0.4651020895186034,903,38,163,13.199961691178522
31,latitude_stratified_random_hotspot,-0.481065780655006,923,38,164,13.317771244409355
32,latitude_stratified_random_hotspot,-0.3885905921749533,961,38,164,13.330665292370384
33,latitude_stratified_random_hotspot,0.5932844569203892,879,38,164,14.617143373095022
34,latitude_stratified_random_hotspot,-0.0070202675014374,824,38,163,12.627423735278214
35,latitude_stratified_random_hotspot,0.7654085334961223,936,38,161,14.465959455839895
36,latitude_stratified_random_hotspot,-0.4008490990099367,885,38,169,15.13028555480467
37,latitude_stratified_random_hotspot,0.5748588594472247,893,38,168,14.097258888406545
38,latitude_stratified_random_hotspot,0.5250935429345477,966,38,166,14.7854931398427
39,latitude_stratified_random_hotspot,0.879588227212558,885,38,165,15.082510893519355
40,latitude_stratified_random_hotspot,0.1250429560501198,849,38,165,15.05685129677201
41,latitude_stratified_random_hotspot,-0.2465748673345402,919,38,163,12.333055439335952
42,latitude_stratified_random_hotspot,-0.5931122688007574,906,38,163,13.527200817577947
43,latitude_stratified_random_hotspot,0.9560213809990016,932,38,162,12.942849003603198
44,latitude_stratified_random_hotspot,-0.8138485921579975,870,38,163,13.498990440673271
45,latitude_stratified_random_hotspot,0.4402920477329498,889,38,161,12.599362351526636
46,latitude_stratified_random_hotspot,0.4187070557328891,951,38,166,13.749731406614677
47,latitude_stratified_random_hotspot,-0.5011660031709684,909,38,162,13.118607384332014
48,latitude_stratified_random_hotspot,0.0391018316001442,937,38,164,15.372395032059265
49,latitude_stratified_random_hotspot,0.6198885595786174,911,38,165,13.390220352904995
50,latitude_stratified_random_hotspot,-0.3767366836167554,940,38,164,13.920362924397478
51,latitude_stratified_random_hotspot,0.6253292309370343,940,38,165,14.90888518725592
52,latitude_stratified_random_hotspot,-0.0706571250282167,878,38,159,12.61935149928768
53,latitude_stratified_random_hotspot,0.0539867451756128,963,38,169,14.17450069895511
54,latitude_stratified_random_hotspot,0.3199195526751226,908,38,163,13.769675475983632
55,latitude_stratified_random_hotspot,0.2504345266223896,909,38,160,13.028545335392211
56,latitude_stratified_random_hotspot,-0.5605839247960893,919,38,163,14.07051600493374
57,latitude_stratified_random_hotspot,0.1048141052244429,964,38,163,14.315900244935442
58,latitude_stratified_random_hotspot,-0.2350924761725634,860,38,162,13.6064803305616
59,latitude_stratified_random_hotspot,0.2192144030206622,929,38,163,13.907901096113871
60,latitude_stratified_random_hotspot,0.1799457667749688,933,38,160,12.879916026210616
61,latitude_stratified_random_hotspot,0.4710246535225039,826,38,167,15.607196340876412
62,latitude_stratified_random_hotspot,-0.0816598478906829,943,38,163,13.250011991188586
63,latitude_stratified_random_hotspot,1.1335280385471886,912,38,169,13.765342307724303
64,latitude_stratified_random_hotspot,0.6257763051468079,980,38,162,12.966776633152817
65,latitude_stratified_random_hotspot,-0.83615787140109,951,38,165,13.569945425135922
66,latitude_stratified_random_hotspot,0.8225949178249797,974,38,167,13.325003665342118
67,latitude_stratified_random_hotspot,0.3642324586437369,871,38,165,14.093805377397636
68,latitude_stratified_random_hotspot,0.1747352809081537,933,38,161,14.300943237825251
69,latitude_stratified_random_hotspot,-0.1497966553049219,893,38,162,13.385165736465025
70,latitude_stratified_random_hotspot,1.1209223523449865,818,38,163,13.548703473288809
71,latitude_stratified_random_hotspot,-0.3680901694504392,804,38,160,14.93897627620609
72,latitude_stratified_random_hotspot,0.3446416211902595,900,38,165,12.698817087353415
73,latitude_stratified_random_hotspot,0.2565878572753371,915,38,156,14.128599617559535
74,latitude_stratified_random_hotspot,0.1358787347091698,882,38,168,13.3622601940519
75,latitude_stratified_random_hotspot,-0.7464928306521148,881,38,163,13.651714078629729
76,latitude_stratified_random_hotspot,-0.4080615395638335,867,38,160,14.25695845493734
77,latitude_stratified_random_hotspot,1.090181824187768,902,38,164,14.668979279787422
78,latitude_stratified_random_hotspot,0.5121918114726417,940,38,168,15.35350048637769
79,latitude_stratified_random_hotspot,0.9152254081148544,947,38,162,12.937527749549185
80,latitude_stratified_random_hotspot,-0.2066389265762337,890,38,165,12.68776302919308
81,latitude_stratified_random_hotspot,0.1262212977399082,880,38,164,13.586091887998892
82,latitude_stratified_random_hotspot,0.5593947915998541,903,38,164,14.064376860346703
83,latitude_stratified_random_hotspot,0.9316811560864332,911,38,159,12.789396079919827
84,latitude_stratified_random_hotspot,-0.241323562610969,880,38,162,14.294983009760236
85,latitude_stratified_random_hotspot,-0.7764012252723979,855,38,162,13.216879299811986
86,latitude_stratified_random_hotspot,-0.3587307115543274,893,38,164,13.757039837196508
87,latitude_stratified_random_hotspot,0.1391550374070385,903,38,167,13.22865669663508
88,latitude_stratified_random_hotspot,0.0112280183381471,917,38,164,13.6269633999207
89,latitude_stratified_random_hotspot,0.7761259186615532,902,38,163,13.167676638128455
90,latitude_stratified_random_hotspot,0.5662117484750745,934,38,167,14.645909492211658
91,latitude_stratified_random_hotspot,-0.1045493769223046,941,38,163,13.993431041058203
92,latitude_stratified_random_hotspot,0.7069806064810478,918,38,163,13.2046153760993
93,latitude_stratified_random_hotspot,-0.1141909056279602,917,38,162,13.591300417035765
94,latitude_stratified_random_hotspot,-0.0078700558339842,956,38,166,14.418771813294669
95,latitude_stratified_random_hotspot,0.1311200166039214,929,38,168,13.28542411363784
96,latitude_stratified_random_hotspot,0.24452573490736,908,38,166,14.638021436199155
97,latitude_stratified_random_hotspot,1.4365078822193156,868,38,168,13.438890938789024
98,latitude_stratified_random_hotspot,-0.2311920995848579,888,38,169,12.86474295493774
99,latitude_stratified_random_hotspot,0.6479846165375832,918,38,167,14.492496625490531
100,latitude_stratified_random_hotspot,-0.1600670419072231,867,38,163,14.198297722973294
101,latitude_stratified_random_hotspot,-0.2833259505111224,873,38,163,13.915090709263168
102,latitude_stratified_random_hotspot,-0.2839961184021232,890,38,167,12.975542946352451
103,latitude_stratified_random_hotspot,-0.5132229252610988,856,38,168,14.922052407802862
104,latitude_stratified_random_hotspot,-0.7874162934943981,960,38,167,13.88020830996328
105,latitude_stratified_random_hotspot,1.1611579124569569,805,38,168,15.078835799974089
106,latitude_stratified_random_hotspot,0.6947732866753287,963,38,167,13.989779040286152
107,latitude_stratified_random_hotspot,-1.2604708472393198,811,38,168,14.569622808722189
108,latitude_stratified_random_hotspot,0.6179633817907156,937,38,161,12.660286229931978
109,latitude_stratified_random_hotspot,0.5837767241677949,935,38,164,13.686168669132051
110,latitude_stratified_random_hotspot,0.0127980495082545,874,38,161,12.393654979030224
111,latitude_stratified_random_hotspot,0.3381191129647835,737,38,162,12.669848892871222
112,latitude_stratified_random_hotspot,0.7536231643468941,931,38,167,13.92610396314707
113,latitude_stratified_random_hotspot,-0.625644336963604,890,38,167,14.421509504504144
114,latitude_stratified_random_hotspot,-0.233795916233238,936,38,167,15.498867932131562
115,latitude_stratified_random_hotspot,0.8173847727947613,983,38,167,15.520421769794105
116,latitude_stratified_random_hotspot,0.7892588591750715,932,38,160,13.157646596496406
117,latitude_stratified_random_hotspot,0.680751708345414,867,38,164,13.153586084949506
118,latitude_stratified_random_hotspot,0.4873768665555961,952,38,170,13.883304482098506
119,latitude_stratified_random_hotspot,-0.4615277269894982,912,38,163,13.277241861630277
120,latitude_stratified_random_hotspot,-0.1869619493948197,935,38,167,13.232256915792652
121,latitude_stratified_random_hotspot,0.8956376805769539,964,38,164,14.043179921515812
122,latitude_stratified_random_hotspot,1.0384898442293562,944,38,163,14.81608235212297
123,latitude_stratified_random_hotspot,-0.1931305378841064,869,38,164,12.26182058734684
124,latitude_stratified_random_hotspot,0.0356655679044472,937,38,167,14.340118631327156
125,latitude_stratified_random_hotspot,0.240876397127711,915,38,165,13.621698391291767
126,latitude_stratified_random_hotspot,-0.5750442479658716,915,38,167,13.196142625432188
127,latitude_stratified_random_hotspot,-0.1711906635827087,916,38,163,13.130242401492136
128,latitude_stratified_random_hotspot,0.3394219855855543,916,38,164,14.151431922527928
129,latitude_stratified_random_hotspot,0.4829036496492965,877,38,164,14.874825545319428
130,latitude_stratified_random_hotspot,0.4544123612763409,907,38,162,13.650334230555734
131,latitude_stratified_random_hotspot,0.8578589759057943,912,38,165,13.419900385466024
132,latitude_stratified_random_hotspot,0.2079927302265592,936,38,163,12.860177697263016
133,latitude_stratified_random_hotspot,0.1085582417094858,865,38,165,14.208264741594656
134,latitude_stratified_random_hotspot,0.2943526131218165,954,38,165,13.509088892744812
135,latitude_stratified_random_hotspot,-0.5999089020706754,867,38,165,14.877729018843546
136,latitude_stratified_random_hotspot,1.5654561840157692,916,38,165,14.462441496098275
137,latitude_stratified_random_hotspot,0.9959787092206742,904,38,166,14.60489431231546
138,latitude_stratified_random_hotspot,2.417817739469021,838,38,164,14.20477706087942
139,latitude_stratified_random_hotspot,-0.0912892734240612,878,38,165,13.552443740125538
140,latitude_stratified_random_hotspot,-0.3759060267850604,921,38,167,14.34815970915042
141,latitude_stratified_random_hotspot,-1.353707021931678,873,38,164,12.885302819795957
142,latitude_stratified_random_hotspot,-0.0702560657670485,894,38,163,13.94822855308276
143,latitude_stratified_random_hotspot,-0.7593012285081275,859,38,166,12.484211959743188
144,latitude_stratified_random_hotspot,0.4371071656434127,883,38,161,12.085862186241348
145,latitude_stratified_random_hotspot,-0.4441885854481257,914,38,163,13.638238257525751
146,latitude_stratified_random_hotspot,0.5817416767586597,914,38,167,15.050754502320991
147,latitude_stratified_random_hotspot,0.2608117558997677,919,38,165,15.527903680804782
148,latitude_stratified_random_hotspot,-0.3015607305065544,948,38,166,13.595156693947306
149,latitude_stratified_random_hotspot,-0.4892167101558284,882,38,170,13.545214702560136
150,latitude_stratified_random_hotspot,0.1240670800270683,934,38,166,15.684106785393332
151,latitude_stratified_random_hotspot,0.8285150627874802,903,38,164,14.555907891404782
152,latitude_stratified_random_hotspot,0.6624189365535602,961,38,170,15.851938813125646
153,latitude_stratified_random_hotspot,1.2154289376877112,925,38,167,13.194104886851486
154,latitude_stratified_random_hotspot,0.113143401809997,946,38,161,14.135817680555489
155,latitude_stratified_random_hotspot,-0.2867862067014433,902,38,161,12.476423270584108
156,latitude_stratified_random_hotspot,0.3390198316395618,887,38,162,12.993543366871402
157,latitude_stratified_random_hotspot,1.450671656122542,950,38,169,13.386315178065312
158,latitude_stratified_random_hotspot,0.1161882635828264,826,38,165,13.482923950656776
159,latitude_stratified_random_hotspot,-0.6048973754449433,918,38,161,14.023860024657298
160,latitude_stratified_random_hotspot,-0.2502997000633924,920,38,169,13.322818764214908
161,latitude_stratified_random_hotspot,-0.0266038073166836,890,38,163,13.60877980204635
162,latitude_stratified_random_hotspot,0.5944119564470202,927,38,161,13.358461894159491
163,latitude_stratified_random_hotspot,0.2480304481759369,942,38,166,12.937299887882366
164,latitude_stratified_random_hotspot,0.0103636416800786,921,38,167,14.569898830819623
165,latitude_stratified_random_hotspot,0.959649993061264,880,38,163,14.700133664257558
166,latitude_stratified_random_hotspot,1.0333967252016052,924,38,168,14.25165889566642
167,latitude_stratified_random_hotspot,0.5506127504351874,896,38,166,13.025299699732372
168,latitude_stratified_random_hotspot,-0.0244427538075863,914,38,165,14.69866315947626
169,latitude_stratified_random_hotspot,-0.3635377378542618,898,38,162,13.845814875722985
170,latitude_stratified_random_hotspot,0.683567527085946,906,38,166,12.87481835528626
171,latitude_stratified_random_hotspot,0.0520461191176811,953,38,160,13.27455660418494
172,latitude_stratified_random_hotspot,0.994333244774835,893,38,165,14.392835656307604
173,latitude_stratified_random_hotspot,-0.9778438261032816,929,38,165,12.813214163330082
174,latitude_stratified_random_hotspot,-0.0405447144174186,862,38,162,15.502041628697322
175,latitude_stratified_random_hotspot,0.6273537001993006,924,38,166,13.243318758572698
176,latitude_stratified_random_hotspot,0.6629254516586676,866,38,168,13.258877682630724
177,latitude_stratified_random_hotspot,0.3106084315063188,933,38,163,13.559280794866185
178,latitude_stratified_random_hotspot,0.1113328878870291,832,38,165,15.68285876323656
179,latitude_stratified_random_hotspot,-0.162410879924154,910,38,165,14.65765059651733
180,latitude_stratified_random_hotspot,1.0442949567519526,865,38,162,13.968791438479858
181,latitude_stratified_random_hotspot,0.0709850343984521,935,38,164,14.78259286084431
182,latitude_stratified_random_hotspot,0.6437624740211773,872,38,168,13.203576395381226
183,latitude_stratified_random_hotspot,-0.0638335728710223,903,38,171,14.810285057561412
184,latitude_stratified_random_hotspot,-0.4320106991865291,860,38,169,14.464520235961684
185,latitude_stratified_random_hotspot,0.2098180283102914,912,38,161,12.919861497746329
186,latitude_stratified_random_hotspot,2.13335974435595,904,38,167,14.917278290818343
187,latitude_stratified_random_hotspot,0.3000699301223204,927,38,162,13.350900786988063
188,latitude_stratified_random_hotspot,0.1997455714687828,923,38,167,14.88572920641694
189,latitude_stratified_random_hotspot,0.8401562552256648,957,38,161,12.530765083613709
190,latitude_stratified_random_hotspot,-0.0596269884575947,872,38,162,13.786418452727668
191,latitude_stratified_random_hotspot,0.5892059401271506,926,38,169,14.632296550945751
192,latitude_stratified_random_hotspot,-0.0303237469524867,901,38,164,13.816646022447284
193,latitude_stratified_random_hotspot,-1.337354091092798,908,38,171,12.66527179157734
194,latitude_stratified_random_hotspot,0.9538922935302904,937,38,163,13.426327680944604
195,latitude_stratified_random_hotspot,-0.3805937059091268,925,38,166,14.257703837533064
196,latitude_stratified_random_hotspot,0.0759655111587775,867,38,161,13.524321672117033
197,latitude_stratified_random_hotspot,0.0081793073358302,897,38,165,14.592461585249096
198,latitude_stratified_random_hotspot,-0.3252463854311519,920,38,169,14.354183681378847
199,latitude_stratified_random_hotspot,0.4133502357099835,858,38,163,14.192611717106386
200,latitude_stratified_random_hotspot,0.6878836693231267,839,38,164,16.23528027423328
201,latitude_stratified_random_hotspot,1.2655600751198453,898,38,163,13.465456874474851
202,latitude_stratified_random_hotspot,0.5375890394260127,907,38,168,13.409643322468064
203,latitude_stratified_random_hotspot,0.1352367573165135,846,38,164,15.567438923045836
204,latitude_stratified_random_hotspot,-0.2509564004820416,870,38,165,14.500078276907026
205,latitude_stratified_random_hotspot,-0.9224500607566136,857,38,165,13.668230116120402
206,latitude_stratified_random_hotspot,0.3610642324492797,847,38,165,12.720705131220148
207,latitude_stratified_random_hotspot,-0.1079478890839471,922,38,166,14.442167949049482
208,latitude_stratified_random_hotspot,1.0568546467656283,862,38,168,13.427946924668708
209,latitude_stratified_random_hotspot,-0.1288402093209992,922,38,167,13.200474294274082
210,latitude_stratified_random_hotspot,0.7193951146677446,861,38,166,14.39494288657488
211,latitude_stratified_random_hotspot,0.7541593012532553,876,38,166,13.338848275680842
212,latitude_stratified_random_hotspot,-0.5676385943672283,864,38,167,13.559226055688873
213,latitude_stratified_random_hotspot,0.636699182392331,870,38,167,14.014098013178227
214,latitude_stratified_random_hotspot,0.2501600737442049,934,38,165,13.69942372780618
215,latitude_stratified_random_hotspot,0.0868460425642724,891,38,162,14.387490079894274
216,latitude_stratified_random_hotspot,0.6406833648693536,920,38,169,13.0453984250764
217,latitude_stratified_random_hotspot,0.5184621043818455,843,38,167,14.384130458499648
218,latitude_stratified_random_hotspot,0.3052038715735776,859,38,166,13.33246852222664
219,latitude_stratified_random_hotspot,-0.1063414193645634,943,38,163,13.21470766139807
220,latitude_stratified_random_hotspot,0.0525656723019011,920,38,168,14.331380186999292
221,latitude_stratified_random_hotspot,-0.0196999941208839,886,38,166,13.733780448635391
222,latitude_stratified_random_hotspot,0.2274544597272671,901,38,166,14.935185414894772
223,latitude_stratified_random_hotspot,0.4269304131105248,887,38,159,12.698248692717616
224,latitude_stratified_random_hotspot,0.6367043153410031,850,38,164,13.822877764300433
225,latitude_stratified_random_hotspot,0.5967702656772668,918,38,165,14.394880804901376
226,latitude_stratified_random_hotspot,1.1064619606128254,799,38,170,13.735348974777429
227,latitude_stratified_random_hotspot,0.5760055353792143,882,38,163,12.983824222200589
228,latitude_stratified_random_hotspot,-1.5547947048975628,898,38,165,13.222560578775589
229,latitude_stratified_random_hotspot,0.2048715900882736,897,38,166,13.44608952440199
230,latitude_stratified_random_hotspot,0.8264462505030549,880,38,165,13.916805712673662
231,latitude_stratified_random_hotspot,0.2668144636705857,941,38,160,13.08778023000056
232,latitude_stratified_random_hotspot,1.2058091254124723,866,38,165,13.82563075657407
233,latitude_stratified_random_hotspot,0.1122499986480612,909,38,160,13.670704465559703
234,latitude_stratified_random_hotspot,0.559394782721825,889,38,167,13.447304517136976
235,latitude_stratified_random_hotspot,0.1157199472036858,934,38,168,14.242648083843932
236,latitude_stratified_random_hotspot,-0.0008590704680756,935,38,167,15.715917887010976
237,latitude_stratified_random_hotspot,-0.0192063066874093,912,38,164,13.52489650513934
238,latitude_stratified_random_hotspot,0.410805714277518,864,38,166,14.3811086530886
239,latitude_stratified_random_hotspot,0.8339050631985043,898,38,163,13.383975804921036
240,latitude_stratified_random_hotspot,1.6311950349635076,942,38,163,12.973512372864567
241,latitude_stratified_random_hotspot,0.9108522544089466,932,38,165,13.766131500089816
242,latitude_stratified_random_hotspot,0.3678203298255235,902,38,169,14.520952216539534
243,latitude_stratified_random_hotspot,1.0828080241472164,900,38,162,13.403319721339148
244,latitude_stratified_random_hotspot,0.0940878857290916,925,38,160,13.108592981571231
245,latitude_stratified_random_hotspot,-0.5573455858494625,893,38,167,13.183076329095927
246,latitude_stratified_random_hotspot,0.0142475497255494,883,38,165,12.670162369401504
247,latitude_stratified_random_hotspot,1.175811030413383,900,38,165,15.436244631580198
248,latitude_stratified_random_hotspot,0.2073574961308816,888,38,169,13.263268269629211
249,latitude_stratified_random_hotspot,0.6545832093493268,877,38,164,14.113647704089836
250,latitude_stratified_random_hotspot,-0.5772354305634848,820,38,166,13.84151973847153
251,latitude_stratified_random_hotspot,0.24952347336272,888,38,162,12.720016056313291
252,latitude_stratified_random_hotspot,0.6012511287087328,880,38,166,14.620559601763969
253,latitude_stratified_random_hotspot,-0.2811695519581255,878,38,166,13.29596597129488
254,latitude_stratified_random_hotspot,-0.1153622137336462,938,38,163,12.384075699419702
255,latitude_stratified_random_hotspot,-0.0069278735945178,924,38,164,13.997396199800576
256,latitude_stratified_random_hotspot,-0.5241085953975078,968,38,163,12.20591274174144
257,latitude_stratified_random_hotspot,0.2991108338048676,904,38,161,14.15741939601489
258,latitude_stratified_random_hotspot,1.2528840432470598,882,38,168,14.17546951715824
259,latitude_stratified_random_hotspot,-0.8328606966640493,918,38,163,14.888470923700318
260,latitude_stratified_random_hotspot,0.4171804942305216,915,38,164,14.163522909375024
261,latitude_stratified_random_hotspot,-0.0989444414683263,932,38,170,13.88367343089513
262,latitude_stratified_random_hotspot,0.3784626965615884,969,38,167,14.213875187916722
263,latitude_stratified_random_hotspot,-0.6677914051406255,892,38,164,12.65808756478964
264,latitude_stratified_random_hotspot,0.2876566113751914,889,38,165,13.484099178551784
265,latitude_stratified_random_hotspot,0.8084379955883874,904,38,168,13.34181299942733
266,latitude_stratified_random_hotspot,1.210625067124535,921,38,169,13.565857452487132
267,latitude_stratified_random_hotspot,1.358814553212492,950,38,166,14.274731513760702
268,latitude_stratified_random_hotspot,0.0461607096866493,926,38,165,15.016758850269332
269,latitude_stratified_random_hotspot,0.4452674056969403,920,38,169,14.350055747883944
270,latitude_stratified_random_hotspot,0.7325864794963347,934,38,166,14.893615307989805
271,latitude_stratified_random_hotspot,-0.3364939220625447,862,38,165,13.571738101383907
272,latitude_stratified_random_hotspot,0.636820004541512,932,38,164,16.167948941003885
273,latitude_stratified_random_hotspot,-0.1006785256702366,901,38,168,15.618762203090416
274,latitude_stratified_random_hotspot,-0.4410024449065811,879,38,166,13.096461091718735
275,latitude_stratified_random_hotspot,-0.0953219556755605,948,38,166,14.440002928663048
276,latitude_stratified_random_hotspot,0.7518676807924375,929,38,166,13.521397222965254
277,latitude_stratified_random_hotspot,-0.1775001219706397,935,38,167,15.254119598370798
278,latitude_stratified_random_hotspot,0.8871896633273652,927,38,162,13.905528065194757
279,latitude_stratified_random_hotspot,-0.757705306462249,910,38,162,12.513180544245287
280,latitude_stratified_random_hotspot,-0.2821488370488465,930,38,163,11.455684072887736
281,latitude_stratified_random_hotspot,-0.2719561128897271,874,38,166,13.134841350037552
282,latitude_stratified_random_hotspot,-0.1032696310520437,890,38,160,13.428020903044253
283,latitude_stratified_random_hotspot,0.9561491027454796,943,38,166,14.97916235979479
284,latitude_stratified_random_hotspot,0.314756178360319,900,38,162,13.911312278174856
285,latitude_stratified_random_hotspot,0.3550711519498483,940,38,163,14.446681212254092
286,latitude_stratified_random_hotspot,0.7613639881513156,882,38,164,14.996141981036285
287,latitude_stratified_random_hotspot,1.0686424083778887,901,38,166,13.838629880450156
288,latitude_stratified_random_hotspot,-0.083639669905723,934,38,165,13.946199367386958
289,latitude_stratified_random_hotspot,-1.5588556032770449,879,38,164,13.742150826126204
290,latitude_stratified_random_hotspot,1.4645138438695189,903,38,160,13.787886748955769
291,latitude_stratified_random_hotspot,0.700043259164459,914,38,166,14.192476665237336
292,latitude_stratified_random_hotspot,0.8272233142483897,908,38,172,13.185729134416803
293,latitude_stratified_random_hotspot,-0.0219076852735702,890,38,168,14.06195381546583
294,latitude_stratified_random_hotspot,0.0828819998787927,939,38,167,13.640539027736502
295,latitude_stratified_random_hotspot,0.1898664638701154,910,38,170,14.616122531335243
296,latitude_stratified_random_hotspot,-0.213031834071371,944,38,163,12.589614754843788
297,latitude_stratified_random_hotspot,-0.0875931722734506,889,38,159,12.85985459606864
298,latitude_stratified_random_hotspot,1.137780220058274,828,38,157,11.897459079603404
299,latitude_stratified_random_hotspot,0.1932883659885531,922,38,161,13.53948212073227
300,latitude_stratified_random_hotspot,-0.2068441146526947,893,38,168,13.335398962710448
301,latitude_stratified_random_hotspot,-0.5890143936735387,868,38,165,13.983580779953886
302,latitude_stratified_random_hotspot,-0.1068217327845813,888,38,172,13.588561649042296
303,latitude_stratified_random_hotspot,1.0552997982336256,929,38,162,13.01642266761144
304,latitude_stratified_random_hotspot,0.0543234982255181,918,38,160,14.606358543165792
305,latitude_stratified_random_hotspot,-1.083811048466568,936,38,167,13.531397896307723
306,latitude_stratified_random_hotspot,0.0002697232416594,935,38,167,13.20576328063147
307,latitude_stratified_random_hotspot,-0.3607937278738855,899,38,165,14.980496718257722
308,latitude_stratified_random_hotspot,0.1967924230296742,899,38,171,13.698667581781086
309,latitude_stratified_random_hotspot,0.4334916944515943,885,38,161,14.52696042993786
310,latitude_stratified_random_hotspot,0.1448884241368382,918,38,164,13.90666680714572
311,latitude_stratified_random_hotspot,1.0479090479841762,911,38,162,12.375015518664007
312,latitude_stratified_random_hotspot,-0.3822868201529221,923,38,173,15.898621046386856
313,latitude_stratified_random_hotspot,-0.9266175897351604,890,38,166,14.01026368967486
314,latitude_stratified_random_hotspot,0.8080457235528545,886,38,163,13.321439369556447
315,latitude_stratified_random_hotspot,-0.3000705870453614,936,38,165,13.25472735611123
316,latitude_stratified_random_hotspot,-0.5055138711556277,868,38,164,14.327468276335283
317,latitude_stratified_random_hotspot,0.9474905173983252,855,38,165,15.601068308653202
318,latitude_stratified_random_hotspot,-0.0392028050160183,903,38,164,12.857142764995563
319,latitude_stratified_random_hotspot,0.7756606930330932,966,38,166,14.486062670044465
320,latitude_stratified_random_hotspot,0.0988061893416323,873,38,161,13.480162927308848
321,latitude_stratified_random_hotspot,0.6869549877764709,861,38,169,13.897034250312998
322,latitude_stratified_random_hotspot,0.3103089867308088,922,38,162,14.823105910640416
323,latitude_stratified_random_hotspot,1.0183355391847009,919,38,166,12.88233238305207
324,latitude_stratified_random_hotspot,-0.3014029602651447,872,38,166,14.16159247452109
325,latitude_stratified_random_hotspot,0.225261217744119,894,38,168,14.21450424180171
326,latitude_stratified_random_hotspot,0.0552548833551961,946,38,169,14.20124963018241
327,latitude_stratified_random_hotspot,1.461759052534923,867,38,164,13.983250375624278
328,latitude_stratified_random_hotspot,0.1919766601781533,884,38,168,14.378475001060272
329,latitude_stratified_random_hotspot,0.4945921046198803,866,38,166,13.755440405417426
330,latitude_stratified_random_hotspot,0.6318434882110535,934,38,164,13.331562268674956
331,latitude_stratified_random_hotspot,0.442140050279682,906,38,162,12.373711570990997
332,latitude_stratified_random_hotspot,0.6527650268086297,877,38,166,14.88003685011026
333,latitude_stratified_random_hotspot,0.7185501601920942,890,38,164,13.589917211471391
334,latitude_stratified_random_hotspot,-0.6077669287713753,915,38,167,14.320261282067005
335,latitude_stratified_random_hotspot,-0.2719158220663371,917,38,164,13.29526269572491
336,latitude_stratified_random_hotspot,-0.0608347039086799,960,38,169,15.009767993438135
337,latitude_stratified_random_hotspot,0.2183983771193068,916,38,168,14.318634308126562
338,latitude_stratified_random_hotspot,-0.3243632554377618,905,38,165,14.053180053026775
339,latitude_stratified_random_hotspot,0.0214755510482471,924,38,162,13.259531740672156
340,latitude_stratified_random_hotspot,0.3447748476928133,927,38,161,13.440099477225566
341,latitude_stratified_random_hotspot,-0.0166763746646652,910,38,164,13.424062118519956
342,latitude_stratified_random_hotspot,-0.4234283827873095,872,38,165,14.365169012932258
343,latitude_stratified_random_hotspot,0.6335615819220534,916,38,160,13.93052953242303
344,latitude_stratified_random_hotspot,0.3774438377720388,920,38,163,13.112267389323671
345,latitude_stratified_random_hotspot,0.7588098133950577,878,38,162,14.726516442496852
346,latitude_stratified_random_hotspot,0.7307544724768562,899,38,163,14.11928140056508
347,latitude_stratified_random_hotspot,-0.2848473078724999,862,38,163,13.535848025829766
348,latitude_stratified_random_hotspot,-5.698165708839403e-05,864,38,161,13.620793731275366
349,latitude_stratified_random_hotspot,0.7959736629053619,848,38,166,14.773666189849909
350,latitude_stratified_random_hotspot,-0.9209783459883196,843,38,164,13.221193314834968
351,latitude_stratified_random_hotspot,-0.2828314869309417,852,38,163,13.09941218606216
352,latitude_stratified_random_hotspot,-0.4717890291093266,867,38,167,15.028240447094923
353,latitude_stratified_random_hotspot,-0.3548423653720247,864,38,163,13.772445560442364
354,latitude_stratified_random_hotspot,0.3998830120481603,883,38,162,12.928852556982696
355,latitude_stratified_random_hotspot,0.1018673812519245,897,38,162,13.905101076625122
356,latitude_stratified_random_hotspot,0.8276039369472995,929,38,164,13.137265895692604
357,latitude_stratified_random_hotspot,0.2332468429321551,874,38,165,14.592894682886508
358,latitude_stratified_random_hotspot,0.7524262364138391,837,38,162,13.042270924439562
359,latitude_stratified_random_hotspot,0.5521005808248215,913,38,164,13.823899288303773
360,latitude_stratified_random_hotspot,1.0480027391069169,896,38,168,14.818805768226529
361,latitude_stratified_random_hotspot,-0.790589498110256,838,38,164,13.12569084618618
362,latitude_stratified_random_hotspot,0.8765501398220451,950,38,171,15.838478675042182
363,latitude_stratified_random_hotspot,0.3236995761853525,875,38,168,12.773418626422687
364,latitude_stratified_random_hotspot,-0.1456029569544073,933,38,168,14.138828055721364
365,latitude_stratified_random_hotspot,-0.424284279494476,917,38,166,13.2774014329445
366,latitude_stratified_random_hotspot,0.8130479495061359,904,38,166,13.611440745988906
367,latitude_stratified_random_hotspot,0.5637496464410419,912,38,168,14.315417852214525
368,latitude_stratified_random_hotspot,-0.4064906411088532,894,38,166,13.291186979789298
369,latitude_stratified_random_hotspot,-0.5649690182048748,929,38,161,12.60250760012298
370,latitude_stratified_random_hotspot,0.4916130995276124,826,38,160,12.513009816874572
371,latitude_stratified_random_hotspot,0.8607482144571001,917,38,162,12.624859962453044
372,latitude_stratified_random_hotspot,0.0497261041029005,899,38,162,12.11625292287131
373,latitude_stratified_random_hotspot,0.6639247661770045,868,38,167,13.796275373461643
374,latitude_stratified_random_hotspot,-0.2023296450292598,856,38,162,13.705829765272002
375,latitude_stratified_random_hotspot,-0.3860220305613979,931,38,169,13.507928670967972
376,latitude_stratified_random_hotspot,0.0986192872932357,878,38,164,12.44820747122839
377,latitude_stratified_random_hotspot,0.5701026034042762,875,38,164,14.760602683943503
378,latitude_stratified_random_hotspot,-0.1683773213936928,841,38,166,13.41497111578368
379,latitude_stratified_random_hotspot,1.7765916102169912,853,38,164,13.601898192661968
380,latitude_stratified_random_hotspot,0.0251089991458208,997,38,166,13.34872980582041
381,latitude_stratified_random_hotspot,0.7731074692333189,878,38,168,13.481054548969285
382,latitude_stratified_random_hotspot,0.3359683845993442,951,38,164,14.731932767963512
383,latitude_stratified_random_hotspot,-0.0686516472508035,856,38,171,14.782545320169325
384,latitude_stratified_random_hotspot,0.5259902164801398,910,38,163,14.67020365754383
385,latitude_stratified_random_hotspot,-0.7679038854491675,858,38,165,13.729268746798468
386,latitude_stratified_random_hotspot,0.6435557156157814,870,38,168,13.377781163345274
387,latitude_stratified_random_hotspot,-0.1871650782710051,938,38,166,13.74320203276164
388,latitude_stratified_random_hotspot,0.0989035240298112,920,38,162,14.08508480617474
389,latitude_stratified_random_hotspot,-0.6162483885276107,889,38,164,14.051838172213955
390,latitude_stratified_random_hotspot,-0.3523102338388577,897,38,163,13.373846562312286
391,latitude_stratified_random_hotspot,0.2535652076417452,885,38,165,14.44417337338149
392,latitude_stratified_random_hotspot,0.8898494122797601,888,38,168,15.44906691941118
393,latitude_stratified_random_hotspot,-0.3941077177300686,922,38,163,12.967657706015626
394,latitude_stratified_random_hotspot,0.0640165599086231,899,38,172,14.010725759810567
395,latitude_stratified_random_hotspot,-0.207959816823175,874,38,165,12.517725181797326
396,latitude_stratified_random_hotspot,0.0559122594967959,943,38,167,13.614659114474872
397,latitude_stratified_random_hotspot,0.1579536461745387,926,38,162,12.780767689150668
398,latitude_stratified_random_hotspot,0.2825476249618238,896,38,167,14.381187731311686
399,latitude_stratified_random_hotspot,1.522679476875206,939,38,164,12.611185588946672
400,latitude_stratified_random_hotspot,0.3974016151831474,934,38,164,15.573420020838656
401,latitude_stratified_random_hotspot,-0.0896378569710573,861,38,162,13.07663044404382
402,latitude_stratified_random_hotspot,0.773719410698323,901,38,169,14.187170478213986
403,latitude_stratified_random_hotspot,-0.3344578923891029,854,38,164,13.755910766894369
404,latitude_stratified_random_hotspot,0.7532730323819843,853,38,163,13.432410683256233
405,latitude_stratified_random_hotspot,0.9005187882519132,921,38,165,16.015024924837242
406,latitude_stratified_random_hotspot,1.6806948677789386,921,38,163,14.124658456161304
407,latitude_stratified_random_hotspot,0.6640050593109781,880,38,164,14.670259928113476
408,latitude_stratified_random_hotspot,0.5452210420580815,847,38,165,15.099623920227296
409,latitude_stratified_random_hotspot,0.3105850031600822,926,38,165,13.713074708344063
410,latitude_stratified_random_hotspot,-0.3681590912189023,872,38,164,14.899752520730418
411,latitude_stratified_random_hotspot,0.2377401413777481,905,38,163,12.623772078942755
412,latitude_stratified_random_hotspot,0.2777913135365875,939,38,159,13.544859927713878
413,latitude_stratified_random_hotspot,0.0704566208927956,940,38,165,13.533389551782417
414,latitude_stratified_random_hotspot,-0.8767886732099762,896,38,160,12.583578378522176
415,latitude_stratified_random_hotspot,0.2616656424776455,951,38,165,13.499719013492152
416,latitude_stratified_random_hotspot,0.9249846652742024,923,38,166,13.574729742948472
417,latitude_stratified_random_hotspot,-0.2536672395524514,881,38,165,14.033332779186637
418,latitude_stratified_random_hotspot,1.0537475845251865,897,38,166,14.0394249743296
419,latitude_stratified_random_hotspot,0.5339688848835606,836,38,169,13.994135923926413
420,latitude_stratified_random_hotspot,0.675675014196598,903,38,162,14.055543471341124
421,latitude_stratified_random_hotspot,-0.2041519612413976,904,38,165,11.79002710921444
422,latitude_stratified_random_hotspot,1.6088719310734778,853,38,166,15.872389822706465
423,latitude_stratified_random_hotspot,0.3861684211861629,945,38,164,13.301964518282924
424,latitude_stratified_random_hotspot,0.7055228262411164,926,38,163,13.698376193010107
425,latitude_stratified_random_hotspot,-0.5344389671089773,867,38,167,13.667861276571555
426,latitude_stratified_random_hotspot,1.9147982410352744,875,38,165,13.222421428878564
427,latitude_stratified_random_hotspot,0.8996714599065309,938,38,163,13.399044360186211
428,latitude_stratified_random_hotspot,0.14443453818703,944,38,163,13.005243588648616
429,latitude_stratified_random_hotspot,1.2258156235942848,932,38,162,13.821981457282662
430,latitude_stratified_random_hotspot,0.8664347799519906,855,38,159,13.537223682608737
431,latitude_stratified_random_hotspot,0.4903445090068932,911,38,166,14.05484288345347
432,latitude_stratified_random_hotspot,0.1133741153294624,854,38,168,15.47678148402788
433,latitude_stratified_random_hotspot,0.6263186924367918,877,38,171,14.799033348000552
434,latitude_stratified_random_hotspot,-0.0800115136287013,965,38,166,13.173475375969936
435,latitude_stratified_random_hotspot,0.8909458251169659,947,38,169,13.990335291631498
436,latitude_stratified_random_hotspot,0.5434982227499797,954,38,165,13.411223705775251
437,latitude_stratified_random_hotspot,0.1757035027718463,875,38,168,13.532332494043628
438,latitude_stratified_random_hotspot,0.0778870467895428,878,38,166,12.599975552631246
439,latitude_stratified_random_hotspot,0.595367791365177,946,38,160,13.509193311901576
440,latitude_stratified_random_hotspot,-0.2478375295729294,946,38,165,13.91632439756941
441,latitude_stratified_random_hotspot,-0.037781086979515,908,38,162,13.57172125929468
442,latitude_stratified_random_hotspot,1.3810189060251503,887,38,162,13.491624158768754
443,latitude_stratified_random_hotspot,-0.4151006591021249,890,38,160,12.774325840083364
444,latitude_stratified_random_hotspot,0.7144832281081519,942,38,164,12.8381956630077
445,latitude_stratified_random_hotspot,0.0786678167352284,913,38,167,12.816774794976498
446,latitude_stratified_random_hotspot,-0.1528652873159354,945,38,167,13.443989157895455
447,latitude_stratified_random_hotspot,0.0976885417616338,899,38,161,13.49319103621435
448,latitude_stratified_random_hotspot,0.3088990383680566,894,38,173,14.953488609325506
449,latitude_stratified_random_hotspot,-0.4207657741883973,865,38,165,12.91103121318944
450,latitude_stratified_random_hotspot,0.3818453734839533,920,38,166,14.11590648055174
451,latitude_stratified_random_hotspot,1.1383647001209136,932,38,167,12.724953433863757
452,latitude_stratified_random_hotspot,0.0882454658557278,901,38,163,13.959207639904928
453,latitude_stratified_random_hotspot,0.2444527985937632,945,38,166,13.309810243826806
454,latitude_stratified_random_hotspot,-0.8737373842573888,868,38,161,12.952134067268942
455,latitude_stratified_random_hotspot,0.0188673046022436,908,38,167,15.530530020008326
456,latitude_stratified_random_hotspot,0.0291609133541656,842,38,165,13.244319046065447
457,latitude_stratified_random_hotspot,-0.4369181981922823,877,38,161,14.71236129492558
458,latitude_stratified_random_hotspot,0.3147204397546239,865,38,162,14.31023404506184
459,latitude_stratified_random_hotspot,-0.7065844326138808,890,38,160,12.96710375862102
460,latitude_stratified_random_hotspot,0.119662926202857,875,38,166,14.221020018629805
461,latitude_stratified_random_hotspot,-0.1541851769257467,915,38,164,13.673016855762466
462,latitude_stratified_random_hotspot,0.0434106483492006,930,38,166,13.877707778213662
463,latitude_stratified_random_hotspot,-0.4525995573873518,913,38,159,14.287132660568757
464,latitude_stratified_random_hotspot,0.6001275474033049,825,38,162,14.994266271334768
465,latitude_stratified_random_hotspot,-0.136229383184941,866,38,163,14.013518034302349
466,latitude_stratified_random_hotspot,0.8106295396642673,945,38,171,15.288779969861489
467,latitude_stratified_random_hotspot,1.2478677243251644,843,38,168,14.970661436593144
468,latitude_stratified_random_hotspot,-0.19562197228293,901,38,163,13.17323558393921
469,latitude_stratified_random_hotspot,1.1263069808035309,912,38,163,13.137738930627078
470,latitude_stratified_random_hotspot,0.3955950951696141,883,38,160,12.978645481941973
471,latitude_stratified_random_hotspot,1.0770269125669831,956,38,161,13.355439751674016
472,latitude_stratified_random_hotspot,-1.2081958543744882,905,38,162,12.74045282797064
473,latitude_stratified_random_hotspot,0.1718507579579495,927,38,163,17.536655891451385
474,latitude_stratified_random_hotspot,0.932541798728634,915,38,170,14.215064011820504
475,latitude_stratified_random_hotspot,0.2577340498950792,940,38,163,13.393291954652538
476,latitude_stratified_random_hotspot,0.7317266546633188,895,38,162,14.056204250202878
477,latitude_stratified_random_hotspot,0.2336700973662933,875,38,163,12.394135839380006
478,latitude_stratified_random_hotspot,0.2937333209142897,919,38,161,15.473861310745232
479,latitude_stratified_random_hotspot,-0.4701242004514985,890,38,166,13.123068195079076
480,latitude_stratified_random_hotspot,1.1817237035496608,904,38,169,14.173633221234292
481,latitude_stratified_random_hotspot,0.9688883666249136,965,38,168,14.695794718461704
482,latitude_stratified_random_hotspot,-0.1218096543950594,889,38,163,14.522846902565782
483,latitude_stratified_random_hotspot,0.7833406650111702,901,38,163,12.907296299372115
484,latitude_stratified_random_hotspot,-0.0459035183810258,977,38,168,13.84387828400767
485,latitude_stratified_random_hotspot,-1.4467839821364818,898,38,166,13.54883148268792
486,latitude_stratified_random_hotspot,0.3983995313036361,909,38,169,13.349866453330216
487,latitude_stratified_random_hotspot,0.34519121854703,915,38,165,13.506495165251517
488,latitude_stratified_random_hotspot,-0.2990692064493748,896,38,164,13.870166905481566
489,latitude_stratified_random_hotspot,0.0034258606994122,893,38,162,14.324235987914964
490,latitude_stratified_random_hotspot,-0.1080383942397232,898,38,163,12.712436811528011
491,latitude_stratified_random_hotspot,0.2171072891433818,918,38,169,14.813726541335749
492,latitude_stratified_random_hotspot,0.5608640044142342,871,38,162,13.885618067291496
493,latitude_stratified_random_hotspot,0.8532600927053761,945,38,167,13.940730101712951
494,latitude_stratified_random_hotspot,1.507368362884568,881,38,164,17.16027175472824
495,latitude_stratified_random_hotspot,1.9256015114845584,891,38,165,14.25786561569862
496,latitude_stratified_random_hotspot,1.034627732731222,927,38,168,14.50483538720015
497,latitude_stratified_random_hotspot,-0.0698563806598412,929,38,157,12.469044710469042
498,latitude_stratified_random_hotspot,0.3312393965737991,892,38,166,13.84127228247397
499,latitude_stratified_random_hotspot,-0.5675992159529125,893,38,165,13.357226334755124
500,latitude_stratified_random_hotspot,0.4966809825706438,856,38,165,14.800353976577735
501,latitude_stratified_random_hotspot,1.2949368066333546,930,38,166,14.323171462776418
502,latitude_stratified_random_hotspot,0.2251811752280151,870,38,165,13.828167718507691
503,latitude_stratified_random_hotspot,0.0195531435121254,860,38,162,13.279891023563378
504,latitude_stratified_random_hotspot,0.2999155533173468,855,38,163,12.880012947170265
505,latitude_stratified_random_hotspot,-0.3107414038096553,862,38,164,12.559081625640822
506,latitude_stratified_random_hotspot,-0.1301542091570391,940,38,165,13.35838861689852
507,latitude_stratified_random_hotspot,0.4634365194960784,871,38,159,13.18303009743421
508,latitude_stratified_random_hotspot,0.1303047961443979,897,38,168,15.299431188735726
509,latitude_stratified_random_hotspot,-0.6315172096372026,905,38,165,12.140720144932132
510,latitude_stratified_random_hotspot,0.1787268253898149,906,38,163,13.263267171774302
511,latitude_stratified_random_hotspot,0.826686098489604,918,38,169,15.711427516922685
512,latitude_stratified_random_hotspot,0.3940962783965313,910,38,164,13.44701145384492
513,latitude_stratified_random_hotspot,1.1044438296467014,898,38,165,12.700107652567
514,latitude_stratified_random_hotspot,0.0708820327119127,896,38,166,13.942490657254286
515,latitude_stratified_random_hotspot,0.2237479656148803,819,38,165,14.500789929868017
516,latitude_stratified_random_hotspot,0.0944923494400312,862,38,172,15.24288148540079
517,latitude_stratified_random_hotspot,-0.1214033795966627,915,38,166,14.54817221026688
518,latitude_stratified_random_hotspot,0.2682517388801497,927,38,163,12.71752972140859
519,latitude_stratified_random_hotspot,0.7424978695213216,910,38,169,14.877502977686948
520,latitude_stratified_random_hotspot,-0.1198682085073321,868,38,162,12.974411476139752
521,latitude_stratified_random_hotspot,0.3676093893453543,923,38,166,13.857314406732064
522,latitude_stratified_random_hotspot,1.127022851615264,873,38,165,14.097212865747132
523,latitude_stratified_random_hotspot,0.2730603843917419,898,38,166,13.252001519756655
524,latitude_stratified_random_hotspot,0.0024390281505753,894,38,164,14.704434337854105
525,latitude_stratified_random_hotspot,0.8576176513998416,902,38,165,13.5418676744248
526,latitude_stratified_random_hotspot,0.302721601553309,907,38,165,12.68217887636865
527,latitude_stratified_random_hotspot,-0.5815770921001854,878,38,164,13.498255131197526
528,latitude_stratified_random_hotspot,-0.2972575727459133,919,38,163,13.259571289074383
529,latitude_stratified_random_hotspot,0.7737497552606515,874,38,164,14.805150845784418
530,latitude_stratified_random_hotspot,0.7535713127421091,945,38,163,13.429691730936009
531,latitude_stratified_random_hotspot,-0.302996349117699,897,38,165,13.026692401457655
532,latitude_stratified_random_hotspot,0.6681976110803489,859,38,162,13.016788614577512
533,latitude_stratified_random_hotspot,0.8257556575049825,911,38,167,13.902372631169833
534,latitude_stratified_random_hotspot,0.6264090747624066,890,38,164,14.0376234560762
535,latitude_stratified_random_hotspot,0.3673100522291013,938,38,168,14.233041527668147
536,latitude_stratified_random_hotspot,-0.0953990444452107,917,38,169,14.768888490877378
537,latitude_stratified_random_hotspot,0.2485972956683809,885,38,164,13.449087141566778
538,latitude_stratified_random_hotspot,0.1902959052219434,936,38,163,14.045730122838266
539,latitude_stratified_random_hotspot,-0.6493975726848727,886,38,165,13.696474849562648
540,latitude_stratified_random_hotspot,0.8275962467279134,890,38,168,13.960859786949932
541,latitude_stratified_random_hotspot,-0.3481529766398918,911,38,162,14.276074283401629
542,latitude_stratified_random_hotspot,0.827224458746151,932,38,167,15.8368101262573
543,latitude_stratified_random_hotspot,0.3506746763377083,902,38,165,14.907368411570022
544,latitude_stratified_random_hotspot,0.044415088509362,950,38,163,14.381685288750989
545,latitude_stratified_random_hotspot,-0.5436184504957546,878,38,163,13.967854747281764
546,latitude_stratified_random_hotspot,0.5136832320858942,903,38,166,14.327546137754664
547,latitude_stratified_random_hotspot,0.9218647589390075,919,38,163,13.854948544932917
548,latitude_stratified_random_hotspot,0.4876904722046651,966,38,168,14.21757090945277
549,latitude_stratified_random_hotspot,1.0603172568186063,879,38,164,14.228705219688406
550,latitude_stratified_random_hotspot,0.7447215470798147,855,38,165,13.599153411648944
551,latitude_stratified_random_hotspot,0.5657847410164705,881,38,166,12.9613966172663
552,latitude_stratified_random_hotspot,-0.3043935639834603,926,38,162,13.155634037879487
553,latitude_stratified_random_hotspot,0.6991017363014783,872,38,164,15.93425091848984
554,latitude_stratified_random_hotspot,-0.0364469122934658,885,38,165,13.33882034095334
555,latitude_stratified_random_hotspot,-0.1017636490793187,897,38,160,13.419851445744316
556,latitude_stratified_random_hotspot,0.110539893424491,888,38,165,13.551681348162012
557,latitude_stratified_random_hotspot,0.3549905795254482,953,38,164,12.9104383052923
558,latitude_stratified_random_hotspot,1.4275105597515836,860,38,164,13.066451358697812
559,latitude_stratified_random_hotspot,-1.0342816262679089,906,38,169,15.03613101626098
560,latitude_stratified_random_hotspot,-0.8071662352830246,958,38,164,14.111457202400844
561,latitude_stratified_random_hotspot,-0.119113648770946,765,38,167,13.054043171736591
562,latitude_stratified_random_hotspot,0.9215972521410292,882,38,167,14.788252561069877
563,latitude_stratified_random_hotspot,0.1052283127072272,879,38,169,13.387858547987271
564,latitude_stratified_random_hotspot,0.7163899105112198,930,38,162,13.891404543762013
565,latitude_stratified_random_hotspot,0.5662660522415746,911,38,161,13.475419041402324
566,latitude_stratified_random_hotspot,-0.4890050275496382,917,38,167,13.225864006447203
567,latitude_stratified_random_hotspot,0.5392656307593495,904,38,165,13.579041739482864
568,latitude_stratified_random_hotspot,0.0323878773200723,885,38,163,13.764731985365852
569,latitude_stratified_random_hotspot,0.0048570613751162,919,38,165,14.001278029463778
570,latitude_stratified_random_hotspot,0.8921982965582443,958,38,169,14.243716759851583
571,latitude_stratified_random_hotspot,0.3172897638431725,889,38,164,14.48072789651068
572,latitude_stratified_random_hotspot,0.7089192454448583,912,38,163,13.089763999065347
573,latitude_stratified_random_hotspot,1.1768916574712764,921,38,167,13.670733151267964
574,latitude_stratified_random_hotspot,-1.2745650643061557,901,38,164,13.902704679492876
575,latitude_stratified_random_hotspot,-0.5932601100816999,923,38,165,12.91627029943732
576,latitude_stratified_random_hotspot,0.462752076255614,828,38,170,14.4840988952769
577,latitude_stratified_random_hotspot,0.7010838538109591,936,38,162,12.58512056012104
578,latitude_stratified_random_hotspot,0.9213642900596308,889,38,165,13.829372676561244
579,latitude_stratified_random_hotspot,-1.20618111991766,906,38,164,15.18153079809436
580,latitude_stratified_random_hotspot,0.6236717863721339,824,38,165,14.07011582386407
581,latitude_stratified_random_hotspot,-0.4390298454894871,922,38,163,13.246601416082044
582,latitude_stratified_random_hotspot,0.0152861044558126,881,38,164,14.152693921441497
583,latitude_stratified_random_hotspot,0.612911715726989,922,38,164,13.254100973350752
584,latitude_stratified_random_hotspot,1.641427432888053,940,38,167,15.093771848704463
585,latitude_stratified_random_hotspot,0.6275894116436043,889,38,165,15.066578391108438
586,latitude_stratified_random_hotspot,0.8804800296338707,927,38,165,14.253326935049024
587,latitude_stratified_random_hotspot,0.0517271781769256,936,38,165,13.840204102714493
588,latitude_stratified_random_hotspot,0.2088730831052456,851,38,170,15.654484011178884
589,latitude_stratified_random_hotspot,0.2399367668742602,847,38,161,13.006040599238528
590,latitude_stratified_random_hotspot,0.6233407173687595,904,38,167,14.5105056224055
591,latitude_stratified_random_hotspot,2.3173089309182915,880,38,167,14.914210002493496
592,latitude_stratified_random_hotspot,0.3630859952485059,927,38,165,13.22547531444746
593,latitude_stratified_random_hotspot,0.4826289959864231,940,38,161,12.419495672875758
594,latitude_stratified_random_hotspot,1.7255922920452185,888,38,170,14.920920966876649
595,latitude_stratified_random_hotspot,0.1479733001565448,864,38,161,13.564366977608902
596,latitude_stratified_random_hotspot,0.15197551675738,936,38,160,14.063263769646236
597,latitude_stratified_random_hotspot,-0.0038155449497748,883,38,164,15.648347510992814
598,latitude_stratified_random_hotspot,0.2236513932484967,830,38,165,15.063386771193535
599,latitude_stratified_random_hotspot,-0.4620318981934198,850,38,167,12.974633328226425
600,latitude_stratified_random_hotspot,1.357228521149442,887,38,163,13.882851581088596
601,latitude_stratified_random_hotspot,0.6337092369838573,907,38,167,15.135855688030324
602,latitude_stratified_random_hotspot,1.1746445805926502,869,38,163,13.726117436089186
603,latitude_stratified_random_hotspot,0.1219566923696486,874,38,167,13.01539643265942
604,latitude_stratified_random_hotspot,0.9543153583074924,903,38,171,12.476672297258968
605,latitude_stratified_random_hotspot,1.2134732160757362,918,38,162,12.807560116612184
606,latitude_stratified_random_hotspot,-0.5534110820206295,887,38,167,14.529799754242276
607,latitude_stratified_random_hotspot,-0.3776987593461682,931,38,162,12.446965988950344
608,latitude_stratified_random_hotspot,0.1056724365170017,957,38,169,14.20461427760577
609,latitude_stratified_random_hotspot,-0.0038319005923674,878,38,160,13.70271123504644
610,latitude_stratified_random_hotspot,0.9819802139028032,904,38,163,13.306215947543006
611,latitude_stratified_random_hotspot,0.4576093142227029,938,38,166,13.786630387945802
612,latitude_stratified_random_hotspot,0.0797960923850105,863,38,164,13.89243471034902
613,latitude_stratified_random_hotspot,-0.2608980096085398,876,38,166,13.43765116300712
614,latitude_stratified_random_hotspot,0.3453346750549603,930,38,164,13.98528965244275
615,latitude_stratified_random_hotspot,0.4469080674949583,921,38,166,13.07832499980386
616,latitude_stratified_random_hotspot,1.2546194339185954,916,38,169,14.209099048022448
617,latitude_stratified_random_hotspot,0.6456493120533622,897,38,168,14.042529078393438
618,latitude_stratified_random_hotspot,0.5477313332702137,947,38,169,13.736923252858755
619,latitude_stratified_random_hotspot,0.0948381573862639,912,38,168,14.734795017658238
620,latitude_stratified_random_hotspot,0.7367979585968499,858,38,164,14.553037135765544
621,latitude_stratified_random_hotspot,0.3477852057139552,906,38,165,12.854728035690634
622,latitude_stratified_random_hotspot,0.067448312424815,870,38,164,14.05648255469892
623,latitude_stratified_random_hotspot,0.5246819191811317,864,38,168,13.641228809076903
624,latitude_stratified_random_hotspot,0.8302562487668812,929,38,167,12.622825350489054
625,latitude_stratified_random_hotspot,0.9964013555367308,918,38,165,13.142761576917213
626,latitude_stratified_random_hotspot,0.1640275206833162,922,38,165,13.071435648414504
627,latitude_stratified_random_hotspot,0.8207082746811334,871,38,163,13.05404419231838
628,latitude_stratified_random_hotspot,-0.2413797870587676,908,38,164,12.176889572893325
629,latitude_stratified_random_hotspot,1.6269799050419858,875,38,165,14.74498312419052
630,latitude_stratified_random_hotspot,1.2749356166854509,934,38,169,13.5841338697121
631,latitude_stratified_random_hotspot,-0.2556155726358295,920,38,164,13.348507872152112
632,latitude_stratified_random_hotspot,-0.3561064844979651,821,38,161,13.708020012606845
633,latitude_stratified_random_hotspot,1.2108184486304423,875,38,165,12.836004414958014
634,latitude_stratified_random_hotspot,0.4644213238818007,892,38,162,13.368279281229514
635,latitude_stratified_random_hotspot,0.1665694927946065,942,38,166,12.282875710270996
636,latitude_stratified_random_hotspot,-0.2184393066455626,888,38,164,14.412076395162472
637,latitude_stratified_random_hotspot,0.4292648586874322,840,38,169,13.376331166977302
638,latitude_stratified_random_hotspot,-0.1815269505793674,950,38,162,13.566568539247664
639,latitude_stratified_random_hotspot,-0.1557553958573359,871,38,163,12.752871538774103
640,latitude_stratified_random_hotspot,0.7458038219425931,900,38,165,12.93214814927393
641,latitude_stratified_random_hotspot,1.1792248378587422,935,38,170,14.461044540561492
642,latitude_stratified_random_hotspot,-0.7076241379995095,852,38,161,13.161531740974285
643,latitude_stratified_random_hotspot,0.4567115733067881,862,38,165,14.917219418733117
644,latitude_stratified_random_hotspot,-0.4120978972682849,844,38,159,12.522874806671004
645,latitude_stratified_random_hotspot,0.2985654575712836,909,38,172,13.254508699715805
646,latitude_stratified_random_hotspot,0.5034823215331943,883,38,165,13.564562657454267
647,latitude_stratified_random_hotspot,-0.8606938854757736,863,38,163,14.128441487255168
648,latitude_stratified_random_hotspot,0.2788674941048928,939,38,164,14.009500482682352
649,latitude_stratified_random_hotspot,0.1229977316042989,902,38,166,13.37794611536411
650,latitude_stratified_random_hotspot,-0.0549285523964258,946,38,166,12.53716818224452
651,latitude_stratified_random_hotspot,-0.0627764554021893,878,38,164,13.018319955389156
652,latitude_stratified_random_hotspot,0.3896829375228414,925,38,168,13.111071850792312
653,latitude_stratified_random_hotspot,0.2379767147448044,944,38,162,12.619637087562053
654,latitude_stratified_random_hotspot,0.7509196680637992,942,38,163,13.264961582196992
655,latitude_stratified_random_hotspot,1.3549611519053082,949,38,165,13.89086585007258
656,latitude_stratified_random_hotspot,0.3267050309035478,954,38,169,15.382170902780524
657,latitude_stratified_random_hotspot,0.1416507181031705,969,38,168,14.088163300765336
658,latitude_stratified_random_hotspot,0.9070586057917964,924,38,164,14.017150186490388
659,latitude_stratified_random_hotspot,0.6779631016566343,878,38,167,14.268139955187214
660,latitude_stratified_random_hotspot,0.5976208817788572,909,38,165,13.574483507884915
661,latitude_stratified_random_hotspot,-0.4223276273292804,859,38,173,14.917524746653749
662,latitude_stratified_random_hotspot,0.9134357487879208,867,38,163,14.74145185649394
663,latitude_stratified_random_hotspot,-0.1326944304836603,848,38,163,14.095313904190563
664,latitude_stratified_random_hotspot,-0.6894511986218028,878,38,164,13.72731573070523
665,latitude_stratified_random_hotspot,-0.6445220874508333,853,38,167,13.223635437035778
666,latitude_stratified_random_hotspot,1.0083084459862033,917,38,165,14.778570786371052
667,latitude_stratified_random_hotspot,0.5650692431287714,883,38,169,13.720675189639792
668,latitude_stratified_random_hotspot,0.2635844867736593,925,38,162,13.327353415447693
669,latitude_stratified_random_hotspot,0.5667017097521801,878,38,164,12.856848001121
670,latitude_stratified_random_hotspot,0.4855869200511791,938,38,165,13.13906691916148
671,latitude_stratified_random_hotspot,0.5556445976193666,855,38,168,13.97209798772819
672,latitude_stratified_random_hotspot,-0.4394080775155884,885,38,165,14.721445554460516
673,latitude_stratified_random_hotspot,-0.237792481455799,896,38,173,13.629939120161508
674,latitude_stratified_random_hotspot,1.0708831792415765,920,38,163,15.506188039746863
675,latitude_stratified_random_hotspot,-0.1346069574731301,885,38,162,12.243099125548474
676,latitude_stratified_random_hotspot,0.3355557562805641,861,38,165,13.031733585746712
677,latitude_stratified_random_hotspot,0.0403185447323407,891,38,164,12.298794927855075
678,latitude_stratified_random_hotspot,0.4174597397936467,955,38,167,15.085955621734714
679,latitude_stratified_random_hotspot,-0.1964890420297232,863,38,170,15.994587041128067
680,latitude_stratified_random_hotspot,-0.6207434359254678,849,38,165,13.292007373069048
681,latitude_stratified_random_hotspot,0.2910233457083262,938,38,163,13.967536123342912
682,latitude_stratified_random_hotspot,1.4418509766934071,855,38,166,14.449534199552186
683,latitude_stratified_random_hotspot,-0.3582323984695316,945,38,165,13.879951746073433
684,latitude_stratified_random_hotspot,-0.2218129637388816,928,38,163,13.544999863003994
685,latitude_stratified_random_hotspot,0.6244372106033209,918,38,161,13.537400075991838
686,latitude_stratified_random_hotspot,-0.1104022616355506,876,38,159,12.611752714622412
687,latitude_stratified_random_hotspot,0.4495293383415805,917,38,167,14.28982424825738
688,latitude_stratified_random_hotspot,-0.159194165338031,894,38,170,14.67707754446788
689,latitude_stratified_random_hotspot,2.0314202517831363,874,38,165,15.022340554299683
690,latitude_stratified_random_hotspot,0.2417413420363057,896,38,168,12.920322112228076
691,latitude_stratified_random_hotspot,1.8964154102860569,931,38,161,14.422255750388707
692,latitude_stratified_random_hotspot,0.1138619933200105,910,38,166,13.37617334877804
693,latitude_stratified_random_hotspot,-0.2126766595931088,892,38,165,12.62466924078532
694,latitude_stratified_random_hotspot,-0.5348958365666634,879,38,164,13.136400840382688
695,latitude_stratified_random_hotspot,0.4566713041466668,876,38,169,14.330218169127196
696,latitude_stratified_random_hotspot,0.3789828375145119,913,38,169,13.296794647094986
697,latitude_stratified_random_hotspot,1.0685867537696645,876,38,167,13.340631494155204
698,latitude_stratified_random_hotspot,0.4189259638852477,913,38,165,12.435105785903929
699,latitude_stratified_random_hotspot,0.0427884352969898,912,38,163,14.707137516572743
700,latitude_stratified_random_hotspot,0.7252372505424014,939,38,164,13.719844330269453
701,latitude_stratified_random_hotspot,0.1251773112168807,882,38,167,14.448742517382936
702,latitude_stratified_random_hotspot,0.7757138013407321,892,38,168,14.248839733454474
703,latitude_stratified_random_hotspot,-0.4927976931662052,897,38,162,12.45263532945041
704,latitude_stratified_random_hotspot,1.540866684332508,857,38,162,13.831214952231097
705,latitude_stratified_random_hotspot,0.3579125194461489,895,38,166,13.239301545628656
706,latitude_stratified_random_hotspot,-0.3372185168050934,919,38,172,13.996952404893396
707,latitude_stratified_random_hotspot,0.2004231484244767,968,38,164,14.86197552471743
708,latitude_stratified_random_hotspot,0.0630960358783581,950,38,163,14.27672334580872
709,latitude_stratified_random_hotspot,-0.350550309431808,944,38,163,13.169244960525113
710,latitude_stratified_random_hotspot,0.3748068832372138,881,38,168,13.948256113116177
711,latitude_stratified_random_hotspot,-0.1533109424003589,876,38,168,13.66363557249814
712,latitude_stratified_random_hotspot,-0.0296741107125268,911,38,163,12.998271209114211
713,latitude_stratified_random_hotspot,-0.3259023659488953,895,38,163,13.022448331264576
714,latitude_stratified_random_hotspot,0.0156196313641715,922,38,167,12.743538973256737
715,latitude_stratified_random_hotspot,0.1354036661411815,929,38,166,15.166570272832782
716,latitude_stratified_random_hotspot,1.1377957971295083,868,38,170,13.905404940550635
717,latitude_stratified_random_hotspot,-0.291631053014962,893,38,167,13.198217827591906
718,latitude_stratified_random_hotspot,0.857270847751171,919,38,172,14.071654738155033
719,latitude_stratified_random_hotspot,-0.8522546910492592,858,38,165,12.47677406084965
720,latitude_stratified_random_hotspot,0.1282810214771227,893,38,165,13.798410407290008
721,latitude_stratified_random_hotspot,-0.7352133632812441,900,38,167,12.732225907469315
722,latitude_stratified_random_hotspot,-0.3115086119365787,941,38,168,14.565678150441512
723,latitude_stratified_random_hotspot,-0.4258882618554322,876,38,164,13.771835850939407
724,latitude_stratified_random_hotspot,0.7508324285557656,894,38,165,13.206725407448632
725,latitude_stratified_random_hotspot,0.6014620084268577,943,38,162,14.10045161261204
726,latitude_stratified_random_hotspot,0.1442566345416279,949,38,167,14.107115773858752
727,latitude_stratified_random_hotspot,0.1180777160204382,906,38,168,12.989643704613224
728,latitude_stratified_random_hotspot,-0.0766440835611112,855,38,162,13.427561400694229
729,latitude_stratified_random_hotspot,0.3721843398026331,890,38,166,13.394746304936104
730,latitude_stratified_random_hotspot,0.8084194087170872,874,38,160,13.233313846258802
731,latitude_stratified_random_hotspot,0.5275369173984517,901,38,165,13.413229474121191
732,latitude_stratified_random_hotspot,0.9570715632548292,921,38,162,14.121852154477525
733,latitude_stratified_random_hotspot,0.5138495002455186,885,38,168,12.770506404555434
734,latitude_stratified_random_hotspot,-0.5293800952583717,891,38,168,14.014414698438015
735,latitude_stratified_random_hotspot,0.4098663483731866,948,38,165,12.772665133441354
736,latitude_stratified_random_hotspot,0.8074222894899468,961,38,163,14.382052538751624
737,latitude_stratified_random_hotspot,-0.0752561885589525,944,38,169,12.953523347015052
738,latitude_stratified_random_hotspot,0.9849555454181584,889,38,165,13.330473065077754
739,latitude_stratified_random_hotspot,0.048467785908681,935,38,164,12.99209872439184
740,latitude_stratified_random_hotspot,0.3064638939332683,921,38,166,14.491900765107076
741,latitude_stratified_random_hotspot,0.2993594805052237,943,38,165,15.841656286498155
742,latitude_stratified_random_hotspot,0.2362253807601819,878,38,165,12.588930874452508
743,latitude_stratified_random_hotspot,1.2678379500768862,923,38,166,13.554659938311088
744,latitude_stratified_random_hotspot,0.3365979744494737,882,38,164,12.963529369956454
745,latitude_stratified_random_hotspot,0.662719432938569,908,38,168,13.80507049533526
746,latitude_stratified_random_hotspot,0.8143452517466148,935,38,161,14.09079201777047
747,latitude_stratified_random_hotspot,-0.2658406979323381,915,38,162,13.479616588880248
748,latitude_stratified_random_hotspot,-0.5629505025376846,892,38,161,13.433717191718486
749,latitude_stratified_random_hotspot,0.9416112515672248,904,38,165,13.66869827550412
750,latitude_stratified_random_hotspot,-1.052647938030798,909,38,164,13.07457897038822
751,latitude_stratified_random_hotspot,-0.0468286320717161,881,38,165,14.431627063203289
752,latitude_stratified_random_hotspot,-0.8674238908811491,889,38,161,13.057369556108354
753,latitude_stratified_random_hotspot,0.8977511223520405,874,38,166,14.29834027581009
754,latitude_stratified_random_hotspot,0.2797373333594246,926,38,169,13.266887102776336
755,latitude_stratified_random_hotspot,0.8046728117590966,888,38,163,13.594073815599184
756,latitude_stratified_random_hotspot,0.613269047215783,931,38,164,14.199521452983236
757,latitude_stratified_random_hotspot,-0.6395273717198166,949,38,168,14.346349807239584
758,latitude_stratified_random_hotspot,0.8253585212718971,914,38,160,14.000972324980602
759,latitude_stratified_random_hotspot,1.649646367406382,907,38,164,13.724804859021928
760,latitude_stratified_random_hotspot,0.3081348047699393,910,38,165,13.676638382857732
761,latitude_stratified_random_hotspot,0.3810334202534263,951,38,159,13.36285508973935
762,latitude_stratified_random_hotspot,0.4152974933448412,940,38,165,13.998057498840408
763,latitude_stratified_random_hotspot,0.5620602347284466,908,38,163,15.070230849570803
764,latitude_stratified_random_hotspot,-0.3836754381444963,876,38,167,13.851386693520084
765,latitude_stratified_random_hotspot,0.7784476739513047,914,38,165,13.671836001290664
766,latitude_stratified_random_hotspot,-0.4041387419167278,871,38,160,13.244969370535724
767,latitude_stratified_random_hotspot,1.0967508384347031,880,38,159,12.747330903220483
768,latitude_stratified_random_hotspot,-0.7426560681840546,923,38,164,13.259224121673345
769,latitude_stratified_random_hotspot,-0.2193506880726836,861,38,164,13.14019317506266
770,latitude_stratified_random_hotspot,-0.3973851128440949,867,38,161,14.55297545303748
771,latitude_stratified_random_hotspot,-0.8732492295139876,908,38,163,13.131752830526317
772,latitude_stratified_random_hotspot,0.7871131478641205,889,38,168,15.076598954329803
773,latitude_stratified_random_hotspot,0.4222791195650127,886,38,161,13.485512985558437
774,latitude_stratified_random_hotspot,-0.8165403346078768,898,38,161,12.46262565601715
775,latitude_stratified_random_hotspot,0.645554913182969,881,38,160,13.942435237201035
776,latitude_stratified_random_hotspot,0.233712615866496,937,38,164,13.63606342925314
777,latitude_stratified_random_hotspot,0.2922958297233499,895,38,168,15.67001200958517
778,latitude_stratified_random_hotspot,0.8560513511472853,843,38,165,15.34643263292948
779,latitude_stratified_random_hotspot,-0.1873223636493999,826,38,163,14.2160437260409
780,latitude_stratified_random_hotspot,0.6086705338808743,954,38,163,12.516668485740672
781,latitude_stratified_random_hotspot,0.0102735608430491,853,38,162,12.822411835003043
782,latitude_stratified_random_hotspot,1.5123384775533144,839,38,163,13.493473246862695
783,latitude_stratified_random_hotspot,-0.146268703793171,901,38,163,12.70543291950544
784,latitude_stratified_random_hotspot,0.1978974748831002,885,38,161,15.6082058110881
785,latitude_stratified_random_hotspot,0.1860992824295818,957,38,166,13.281419932042096
786,latitude_stratified_random_hotspot,-0.3364608260108359,906,38,170,13.512103103620726
787,latitude_stratified_random_hotspot,-0.4376602510879667,887,38,166,13.488988891112816
788,latitude_stratified_random_hotspot,-0.282971995212441,912,38,169,14.146976049435056
789,latitude_stratified_random_hotspot,-0.4165731808372221,933,38,166,13.778048253384918
790,latitude_stratified_random_hotspot,1.485882243818225,885,38,168,13.196260626141578
791,latitude_stratified_random_hotspot,0.7836178498784208,886,38,164,13.634878502871585
792,latitude_stratified_random_hotspot,-1.2685366602214927,883,38,165,12.738183470631524
793,latitude_stratified_random_hotspot,-0.1485339859264565,867,38,169,14.79216316490928
794,latitude_stratified_random_hotspot,0.1482452456142607,923,38,168,15.215100341084815
795,latitude_stratified_random_hotspot,-0.2582022564805947,931,38,166,13.585976061748172
796,latitude_stratified_random_hotspot,0.4626416873037592,892,38,167,16.18797469213667
797,latitude_stratified_random_hotspot,-0.4102415846773418,850,38,162,12.708341012428525
798,latitude_stratified_random_hotspot,0.6945314285890776,907,38,165,13.921223702618152
799,latitude_stratified_random_hotspot,0.1995460343025246,895,38,161,13.75129865994011
800,latitude_stratified_random_hotspot,1.0344106114417717,903,38,170,13.54381907141872
801,latitude_stratified_random_hotspot,0.0683073501558791,947,38,168,14.239103900423933
802,latitude_stratified_random_hotspot,0.3772269564597153,944,38,167,12.849624386006694
803,latitude_stratified_random_hotspot,0.2542633655876757,937,38,165,13.949064432941435
804,latitude_stratified_random_hotspot,0.5654542506290494,967,38,166,15.899054880676434
805,latitude_stratified_random_hotspot,0.0462796188314409,869,38,165,12.399268129996656
806,latitude_stratified_random_hotspot,-0.060441439252804,891,38,170,14.129287007895137
807,latitude_stratified_random_hotspot,-0.2672254719433581,891,38,166,14.123843249170724
808,latitude_stratified_random_hotspot,-0.4523719000370262,847,38,164,12.58909526596902
809,latitude_stratified_random_hotspot,-0.7543378817614488,971,38,165,14.27647980637039
810,latitude_stratified_random_hotspot,0.354613620241045,862,38,163,13.348750625042223
811,latitude_stratified_random_hotspot,0.0647173141010479,867,38,161,13.07492948134037
812,latitude_stratified_random_hotspot,-0.449339455601247,894,38,161,13.11393130556886
813,latitude_stratified_random_hotspot,0.0084467510653952,917,38,169,14.135289824433928
814,latitude_stratified_random_hotspot,0.6945604361423028,889,38,163,14.334767760943253
815,latitude_stratified_random_hotspot,0.7125276619818046,894,38,164,14.06325668883967
816,latitude_stratified_random_hotspot,-0.020277812340109,929,38,167,13.57969291831252
817,latitude_stratified_random_hotspot,-0.2736250962778901,928,38,168,13.252878977138948
818,latitude_stratified_random_hotspot,-0.7000360597581828,916,38,166,13.7641870061368
819,latitude_stratified_random_hotspot,0.814225904137269,895,38,162,13.06941208781379
820,latitude_stratified_random_hotspot,-0.5899764045494326,933,38,167,13.642984908799784
821,latitude_stratified_random_hotspot,-0.9063947252289628,876,38,167,13.71733202606559
822,latitude_stratified_random_hotspot,0.7703496237427582,901,38,171,14.575672494028453
823,latitude_stratified_random_hotspot,0.4332320391816779,880,38,166,13.929317169020925
824,latitude_stratified_random_hotspot,0.2046574373993209,918,38,163,14.161728253181558
825,latitude_stratified_random_hotspot,-0.0572653002360384,914,38,164,13.54962858672094
826,latitude_stratified_random_hotspot,0.1207939770893254,854,38,165,13.338269178426875
827,latitude_stratified_random_hotspot,-0.3155069767451164,902,38,164,12.927653068283073
828,latitude_stratified_random_hotspot,-0.2539466849641458,907,38,164,13.472520989909766
829,latitude_stratified_random_hotspot,-0.3946936816920674,884,38,162,13.507109647466114
830,latitude_stratified_random_hotspot,0.3393401075282861,942,38,162,14.402903441132372
831,latitude_stratified_random_hotspot,-0.2801206440647587,919,38,163,13.88508216239962
832,latitude_stratified_random_hotspot,0.2430809072535948,896,38,164,13.477073290840709
833,latitude_stratified_random_hotspot,0.7708916802512433,902,38,171,15.122671300516313
834,latitude_stratified_random_hotspot,0.8156499160331346,966,38,165,13.128086367988416
835,latitude_stratified_random_hotspot,-0.0380145259631089,895,38,162,14.08516341408473
836,latitude_stratified_random_hotspot,0.32982948505936,918,38,164,13.4939087657237
837,latitude_stratified_random_hotspot,-1.110326845741028,945,38,163,12.213949839753324
838,latitude_stratified_random_hotspot,-0.5382817685193599,931,38,167,13.560524662492396
839,latitude_stratified_random_hotspot,1.3841111879459924,880,38,160,13.710651990579324
840,latitude_stratified_random_hotspot,-1.456641451424387,870,38,165,13.054393592220489
841,latitude_stratified_random_hotspot,0.8853374109653641,897,38,166,13.60978348331324
842,latitude_stratified_random_hotspot,1.3277999226822736,899,38,166,13.647362575675071
843,latitude_stratified_random_hotspot,0.4028576222044631,895,38,163,13.400400435259469
844,latitude_stratified_random_hotspot,0.3776526674343402,874,38,160,12.951043209989088
845,latitude_stratified_random_hotspot,-0.3673346160165089,887,38,167,13.382483981178574
846,latitude_stratified_random_hotspot,0.3559193442444983,900,38,165,13.055594786993844
847,latitude_stratified_random_hotspot,0.3233226931281056,951,38,163,14.532302523241936
848,latitude_stratified_random_hotspot,0.8342371791888292,939,38,169,14.3121755964695
849,latitude_stratified_random_hotspot,0.4758421223186457,906,38,165,12.844419685891868
850,latitude_stratified_random_hotspot,0.0272739054641521,901,38,166,13.680931268343436
851,latitude_stratified_random_hotspot,-0.0008472341625017,966,38,166,13.838521266481829
852,latitude_stratified_random_hotspot,-0.0150677210205711,942,38,168,12.454774233017297
853,latitude_stratified_random_hotspot,0.2043798340575086,910,38,160,13.599652211942743
854,latitude_stratified_random_hotspot,0.1793638186881712,874,38,168,14.074680194932952
855,latitude_stratified_random_hotspot,0.7319150519896059,844,38,163,12.582590848000724
856,latitude_stratified_random_hotspot,-0.8433313151747446,899,38,160,13.090906844369222
857,latitude_stratified_random_hotspot,1.1818883885580178,888,38,162,13.751251632724976
858,latitude_stratified_random_hotspot,0.6980488154476082,855,38,170,13.892572735649884
859,latitude_stratified_random_hotspot,-0.2159662942523113,935,38,164,12.353472229268572
860,latitude_stratified_random_hotspot,0.1198873769393671,849,38,167,13.541128107440056
861,latitude_stratified_random_hotspot,0.5519991707807517,921,38,164,13.189413988562173
862,latitude_stratified_random_hotspot,0.769217406980757,837,38,166,12.9268280328351
863,latitude_stratified_random_hotspot,0.9676767203751212,914,38,164,14.00708874621169
864,latitude_stratified_random_hotspot,-1.3829756142236795,926,38,159,11.882028253908578
865,latitude_stratified_random_hotspot,0.4922152179854696,910,38,168,14.239025586557217
866,latitude_stratified_random_hotspot,0.1283845745703266,936,38,160,12.55786175262386
867,latitude_stratified_random_hotspot,0.4633574965038776,878,38,161,13.12083891144935
868,latitude_stratified_random_hotspot,0.1202994063169911,911,38,167,13.430483930338209
869,latitude_stratified_random_hotspot,-0.6548794142826252,852,38,166,12.742003556959649
870,latitude_stratified_random_hotspot,0.2229000487994979,889,38,164,14.382693361499182
871,latitude_stratified_random_hotspot,-1.1170667257600702,885,38,158,13.511259210517183
872,latitude_stratified_random_hotspot,0.1326337259236983,960,38,169,13.960201353723749
873,latitude_stratified_random_hotspot,0.0671614513033208,935,38,160,14.344503587162045
874,latitude_stratified_random_hotspot,-0.6524979766012692,898,38,165,13.000713679172108
875,latitude_stratified_random_hotspot,-0.9235486503118696,862,38,164,12.928896222113508
876,latitude_stratified_random_hotspot,-0.6116521717097726,854,38,164,13.777879358662869
877,latitude_stratified_random_hotspot,1.0300464963226972,927,38,166,14.44276691340168
878,latitude_stratified_random_hotspot,0.7740812273400082,932,38,167,13.52478063605603
879,latitude_stratified_random_hotspot,-0.5288167907644725,871,38,167,13.74144744968114
880,latitude_stratified_random_hotspot,1.0849311352864333,893,38,167,14.457676477685498
881,latitude_stratified_random_hotspot,0.1166717089293303,961,38,162,14.92995597923985
882,latitude_stratified_random_hotspot,0.8416984967197249,948,38,161,14.382900709122998
883,latitude_stratified_random_hotspot,0.7527199949584082,909,38,163,13.846630106278775
884,latitude_stratified_random_hotspot,0.791084205706364,931,38,167,14.23347996292612
885,latitude_stratified_random_hotspot,0.8212009123269014,931,38,166,14.13463687009928
886,latitude_stratified_random_hotspot,0.3952872119312725,859,38,164,14.105813205777071
887,latitude_stratified_random_hotspot,-0.4825812630754299,871,38,161,13.841906249066817
888,latitude_stratified_random_hotspot,0.1892263591833867,900,38,166,14.619248618168664
889,latitude_stratified_random_hotspot,0.3571910119369937,903,38,161,13.226599274514236
890,latitude_stratified_random_hotspot,0.3609092761049728,873,38,168,14.398128068082878
891,latitude_stratified_random_hotspot,0.7736298340351041,897,38,169,14.087997239972344
892,latitude_stratified_random_hotspot,-0.0827534955291472,907,38,159,12.402692261664418
893,latitude_stratified_random_hotspot,0.8178047477795424,861,38,166,13.937661903979835
894,latitude_stratified_random_hotspot,0.0682220965241596,907,38,165,13.988858055798769
895,latitude_stratified_random_hotspot,0.5959260741765893,793,38,162,14.354773302583888
896,latitude_stratified_random_hotspot,0.5608983022847579,868,38,166,15.707288020060709
897,latitude_stratified_random_hotspot,-0.4082748457723285,891,38,165,13.406532381467809
898,latitude_stratified_random_hotspot,1.727784427764222,931,38,167,13.696224999952967
899,latitude_stratified_random_hotspot,0.6929435958064655,888,38,163,12.242169868590652
900,latitude_stratified_random_hotspot,0.3505740914680242,858,38,170,12.48696644132584
901,latitude_stratified_random_hotspot,0.7962892613957925,899,38,162,13.412696721838898
902,latitude_stratified_random_hotspot,-0.3061652946274054,922,38,171,14.760509984576696
903,latitude_stratified_random_hotspot,0.368563061068101,867,38,162,13.523880231537325
904,latitude_stratified_random_hotspot,0.4725284259417494,889,38,165,13.394920670712647
905,latitude_stratified_random_hotspot,0.0899553829476929,850,38,164,13.711764070937338
906,latitude_stratified_random_hotspot,0.2362832828728143,887,38,165,14.418330510167817
907,latitude_stratified_random_hotspot,-0.2589010151833448,826,38,166,12.509047689221834
908,latitude_stratified_random_hotspot,0.5887092736317151,886,38,170,14.010233284983055
909,latitude_stratified_random_hotspot,-0.4127684631648121,963,38,161,14.182499792615175
910,latitude_stratified_random_hotspot,-0.5897674840899475,911,38,164,12.372231483637934
911,latitude_stratified_random_hotspot,0.7722426910769167,928,38,166,13.329154868079664
912,latitude_stratified_random_hotspot,0.9859433897335396,925,38,164,14.253031282383994
913,latitude_stratified_random_hotspot,0.6231965848873326,842,38,161,12.489634708143456
914,latitude_stratified_random_hotspot,0.5332945706583454,899,38,168,13.899366497479114
915,latitude_stratified_random_hotspot,0.7150088857654399,885,38,167,13.90053091763188
916,latitude_stratified_random_hotspot,0.3473932197442516,897,38,160,12.949171327930664
917,latitude_stratified_random_hotspot,1.3438998384763254,837,38,165,13.33981790225635
918,latitude_stratified_random_hotspot,-0.3765100237751421,920,38,167,13.492568995216487
919,latitude_stratified_random_hotspot,-0.0255963607418148,859,38,167,13.975270506055026
920,latitude_stratified_random_hotspot,-0.8428625233493307,897,38,167,13.79635893363452
921,latitude_stratified_random_hotspot,-0.2790662634109866,876,38,162,12.282668764673788
922,latitude_stratified_random_hotspot,0.7175220835937374,799,38,169,14.25632755187894
923,latitude_stratified_random_hotspot,0.7566576270587959,920,38,158,12.788471282901504
924,latitude_stratified_random_hotspot,0.6561998987510332,946,38,170,12.804278479684577
925,latitude_stratified_random_hotspot,-0.2098737602137969,948,38,168,14.017310494977306
926,latitude_stratified_random_hotspot,-0.51787627794398,916,38,166,13.893606208265313
927,latitude_stratified_random_hotspot,0.7537275639590403,908,38,164,14.459108330382913
928,latitude_stratified_random_hotspot,1.090332768539019,886,38,165,12.70538296287431
929,latitude_stratified_random_hotspot,0.952698836004266,896,38,169,14.174916223518862
930,latitude_stratified_random_hotspot,0.1337687094686995,949,38,161,14.917442893590591
931,latitude_stratified_random_hotspot,0.3409749568407807,875,38,164,13.21358241832258
932,latitude_stratified_random_hotspot,-0.193441209758768,949,38,163,14.205086862863528
933,latitude_stratified_random_hotspot,0.6877084742739388,921,38,166,12.785602930189414
934,latitude_stratified_random_hotspot,0.6560935249355352,901,38,167,15.29763928770388
935,latitude_stratified_random_hotspot,0.3016258773080578,887,38,162,12.250019072635336
936,latitude_stratified_random_hotspot,0.5974149679348654,926,38,164,15.27133355963771
937,latitude_stratified_random_hotspot,0.8959802987017407,969,38,169,15.295406261070244
938,latitude_stratified_random_hotspot,-0.0078326876498735,926,38,165,13.733825751352676
939,latitude_stratified_random_hotspot,-0.0691163083130989,940,38,163,13.876386789437248
940,latitude_stratified_random_hotspot,0.5404188488765416,893,38,167,13.340140174217243
941,latitude_stratified_random_hotspot,-0.3093449099182656,874,38,170,13.669496284132288
942,latitude_stratified_random_hotspot,0.0113475642544043,860,38,162,14.20687684493136
943,latitude_stratified_random_hotspot,0.5227381430779368,931,38,162,13.654933146318616
944,latitude_stratified_random_hotspot,-0.0339636753263466,857,38,168,13.37671385515772
945,latitude_stratified_random_hotspot,0.5576075693636277,930,38,169,13.573444694737631
946,latitude_stratified_random_hotspot,0.2779204560325624,980,38,163,13.47537803521038
947,latitude_stratified_random_hotspot,0.6946295432137966,920,38,162,13.215243093521254
948,latitude_stratified_random_hotspot,-0.7181153893248854,838,38,165,15.479312141243325
949,latitude_stratified_random_hotspot,0.7187020023535919,959,38,166,14.484662918669368
950,latitude_stratified_random_hotspot,-0.0286023153386938,931,38,165,13.482389392229091
951,latitude_stratified_random_hotspot,-0.3956033393879697,950,38,167,13.528105139810943
952,latitude_stratified_random_hotspot,-0.0402875571716488,899,38,162,14.547753905780008
953,latitude_stratified_random_hotspot,-0.4962589920674582,943,38,171,14.62963751064587
954,latitude_stratified_random_hotspot,0.5396118340436565,925,38,161,13.409460480765574
955,latitude_stratified_random_hotspot,0.1061932870785249,898,38,161,13.337373114439176
956,latitude_stratified_random_hotspot,0.4153917971767108,876,38,163,12.763642698187049
957,latitude_stratified_random_hotspot,0.2911324450841646,897,38,162,14.17299327808768
958,latitude_stratified_random_hotspot,0.3621636530889023,890,38,159,13.39329034002598
959,latitude_stratified_random_hotspot,0.5437766467200104,901,38,166,14.807639306573543
960,latitude_stratified_random_hotspot,1.1338703213760624,882,38,167,15.29634056791618
961,latitude_stratified_random_hotspot,0.7832074684061316,922,38,161,14.238430076913229
962,latitude_stratified_random_hotspot,-0.0042113390013504,881,38,164,15.225755339992086
963,latitude_stratified_random_hotspot,0.5510099763083254,890,38,164,13.32074907435156
964,latitude_stratified_random_hotspot,0.439807281440103,913,38,168,14.024706444137902
965,latitude_stratified_random_hotspot,0.1651589599097584,953,38,166,13.931004956097071
966,latitude_stratified_random_hotspot,-0.2756277058679087,929,38,166,13.008726028733584
967,latitude_stratified_random_hotspot,0.6886897870260069,943,38,166,14.432739529406646
968,latitude_stratified_random_hotspot,1.9538008583298296,886,38,166,13.71285934277352
969,latitude_stratified_random_hotspot,1.269590380697351,910,38,166,12.697225609973598
970,latitude_stratified_random_hotspot,0.457182160003622,838,38,166,13.188501860207396
971,latitude_stratified_random_hotspot,-0.793382954817467,903,38,164,14.461216116373528
972,latitude_stratified_random_hotspot,0.2638794844121147,883,38,165,13.37861146240275
973,latitude_stratified_random_hotspot,0.994696285183624,904,38,168,13.808708227504814
974,latitude_stratified_random_hotspot,0.3228753513412888,916,38,163,12.915894285449417
975,latitude_stratified_random_hotspot,0.3030895206776163,912,38,166,14.178079244934985
976,latitude_stratified_random_hotspot,-0.1103138195762231,913,38,166,13.76984866460827
977,latitude_stratified_random_hotspot,0.302704004348086,923,38,163,15.050585656470338
978,latitude_stratified_random_hotspot,-0.0029568722222578,927,38,165,15.072924216262845
979,latitude_stratified_random_hotspot,0.4949492245263739,871,38,169,13.747505130021414
980,latitude_stratified_random_hotspot,-0.1753803668421388,919,38,164,13.25833114476528
981,latitude_stratified_random_hotspot,0.7726121182269651,880,38,165,14.898101657344691
982,latitude_stratified_random_hotspot,0.3642158118466564,850,38,167,14.261566508852798
983,latitude_stratified_random_hotspot,-0.4097425098674798,889,38,167,13.917210141197556
984,latitude_stratified_random_hotspot,0.1541855452373089,909,38,160,12.57778862599586
985,latitude_stratified_random_hotspot,-0.6402240306113726,923,38,161,13.079420784212823
986,latitude_stratified_random_hotspot,0.1660653944405109,925,38,165,12.383866240017875
987,latitude_stratified_random_hotspot,0.2474894786954602,913,38,165,13.930205193712114
988,latitude_stratified_random_hotspot,-0.2772542195931188,915,38,164,13.9210960330617
989,latitude_stratified_random_hotspot,0.9257291606274008,848,38,164,14.07087481825571
990,latitude_stratified_random_hotspot,0.0666738817532374,894,38,167,13.853239679934708
991,latitude_stratified_random_hotspot,0.7420230356614466,952,38,162,13.361381697880557
992,latitude_stratified_random_hotspot,0.3052405298626331,934,38,165,14.043159446730495
993,latitude_stratified_random_hotspot,1.7197305469829451,863,38,164,13.20471087343818
994,latitude_stratified_random_hotspot,0.6763646967691542,924,38,164,16.02898345577548
995,latitude_stratified_random_hotspot,0.1131875646656451,910,38,167,12.688893097287432
996,latitude_stratified_random_hotspot,0.5405033697927484,919,38,164,14.51379381413608
997,latitude_stratified_random_hotspot,-0.1381287866598035,810,38,166,14.392298766366435
998,latitude_stratified_random_hotspot,0.5634306953655942,934,38,168,12.480564970231706
999,latitude_stratified_random_hotspot,0.9204894006186068,930,38,168,12.99678158642931
1000,latitude_stratified_random_hotspot,0.5856969595301549,932,38,163,14.513786802325118
