gid,lon,lat,total_area_km2,land_area_km2,land_fraction,n_pumpjacks_raw,n_pumpjacks_unique,density_total_area,density_land_area
36.85_117.85,117.85,36.85,98.94051172014072,98.94051172014072,1.0,0,0,0.0,0.0
36.85_117.95,117.95,36.85,98.94051172014072,98.94051172014072,1.0,0,0,0.0,0.0
36.85_118.05,118.05,36.85,98.94051172014072,98.94051172014072,1.0,0,0,0.0,0.0
36.85_118.15,118.15,36.85,98.94051172014072,98.94051172014072,1.0,0,0,0.0,0.0
36.85_118.25,118.25,36.85,98.94051172014072,98.94051172014072,1.0,0,0,0.0,0.0
36.85_118.35,118.35,36.85,98.94051172014072,98.94051172014072,1.0,0,0,0.0,0.0
36.85_118.45,118.45,36.85,98.94051172014072,98.94051172014072,1.0,0,0,0.0,0.0
36.85_118.55,118.55,36.85,98.94051172014072,98.94051172014072,1.0,0,0,0.0,0.0
36.85_118.65,118.65,36.85,98.94051172014072,98.94051172014072,1.0,0,0,0.0,0.0
36.85_118.75,118.75,36.85,98.94051172014072,98.94051172014072,1.0,0,0,0.0,0.0
36.85_118.85,118.85,36.85,98.94051172014072,98.94051172014072,1.0,0,0,0.0,0.0
36.85_118.95,118.95,36.85,98.94051172014072,98.94051172014072,1.0,0,0,0.0,0.0
36.85_119.05,119.05,36.85,98.94051172014072,98.94051172014072,1.0,0,0,0.0,0.0
36.85_119.15,119.15,36.85,98.94051172014072,98.94051172014072,1.0,0,0,0.0,0.0
36.85_119.25,119.25,36.85,98.94051172014072,98.94051172014072,1.0,0,0,0.0,0.0
36.85_119.35,119.35,36.85,98.94051172014072,98.94051172014072,1.0,0,0,0.0,0.0
36.85_119.45,119.45,36.85,98.94051172014072,98.94051172014072,1.0,0,0,0.0,0.0
36.85_119.55,119.55,36.85,98.94051172014072,98.94051172014072,1.0,0,0,0.0,0.0
36.85_119.65,119.65,36.85,98.94051172014072,98.94051172014072,1.0,0,0,0.0,0.0
36.85_119.75,119.75,36.85,98.94051172014072,98.94051172014072,1.0,0,0,0.0,0.0
36.85_119.85,119.85,36.85,98.94051172014072,98.94051172014072,1.0,0,0,0.0,0.0
36.85_119.95,119.95,36.85,98.94051172014072,98.94051172014072,1.0,0,0,0.0,0.0
36.95_117.85,117.85,36.95,98.81094194186927,98.81094194186927,1.0,0,0,0.0,0.0
36.95_117.95,117.95,36.95,98.81094194186927,98.81094194186927,1.0,0,0,0.0,0.0
36.95_118.05,118.05,36.95,98.81094194186927,98.81094194186927,1.0,0,0,0.0,0.0
36.95_118.15,118.15,36.95,98.81094194186927,98.81094194186927,1.0,0,0,0.0,0.0
36.95_118.25,118.25,36.95,98.81094194186927,98.81094194186927,1.0,0,0,0.0,0.0
36.95_118.35,118.35,36.95,98.81094194186927,98.81094194186927,1.0,0,0,0.0,0.0
36.95_118.45,118.45,36.95,98.81094194186927,98.81094194186927,1.0,0,0,0.0,0.0
36.95_118.55,118.55,36.95,98.81094194186927,98.81094194186927,1.0,0,0,0.0,0.0
36.95_118.65,118.65,36.95,98.81094194186927,98.81094194186927,1.0,0,0,0.0,0.0
36.95_118.75,118.75,36.95,98.81094194186927,98.81094194186927,1.0,0,0,0.0,0.0
36.95_118.85,118.85,36.95,98.81094194186927,98.81094194186927,1.0,0,0,0.0,0.0
36.95_118.95,118.95,36.95,98.81094194186927,98.81094194186927,1.0,0,0,0.0,0.0
36.95_119.05,119.05,36.95,98.81094194186927,98.81094194186927,1.0,0,0,0.0,0.0
36.95_119.15,119.15,36.95,98.81094194186927,98.81094194186927,1.0,0,0,0.0,0.0
36.95_119.25,119.25,36.95,98.81094194186927,98.81094194186927,1.0,0,0,0.0,0.0
36.95_119.35,119.35,36.95,98.81094194186927,98.81094194186927,1.0,0,0,0.0,0.0
36.95_119.45,119.45,36.95,98.81094194186927,98.81094194186927,1.0,0,0,0.0,0.0
36.95_119.55,119.55,36.95,98.81094194186927,98.81094194186927,1.0,0,0,0.0,0.0
36.95_119.65,119.65,36.95,98.81094194186927,98.81094194186927,1.0,0,0,0.0,0.0
36.95_119.75,119.75,36.95,98.81094194186927,98.81094194186927,1.0,0,0,0.0,0.0
36.95_119.85,119.85,36.95,98.81094194186927,98.81094194186927,1.0,0,0,0.0,0.0
36.95_119.95,119.95,36.95,98.81094194186927,98.81094194186927,1.0,0,0,0.0,0.0
37.05_117.85,117.85,37.05,98.68107116833085,98.68107116833085,1.0,7,7,0.0709355899477353,0.0709355899477353
37.05_117.95,117.95,37.05,98.68107116833085,98.68107116833085,1.0,8,8,0.0810692456545546,0.0810692456545546
37.05_118.05,118.05,37.05,98.68107116833085,98.68107116833085,1.0,0,0,0.0,0.0
37.05_118.15,118.15,37.05,98.68107116833085,98.68107116833085,1.0,0,0,0.0,0.0
37.05_118.25,118.25,37.05,98.68107116833085,98.68107116833085,1.0,0,0,0.0,0.0
37.05_118.35,118.35,37.05,98.68107116833085,98.68107116833085,1.0,0,0,0.0,0.0
37.05_118.45,118.45,37.05,98.68107116833085,98.68107116833085,1.0,0,0,0.0,0.0
37.05_118.55,118.55,37.05,98.68107116833085,98.68107116833085,1.0,0,0,0.0,0.0
37.05_118.65,118.65,37.05,98.68107116833085,98.68107116833085,1.0,0,0,0.0,0.0
37.05_118.75,118.75,37.05,98.68107116833085,98.68107116833085,1.0,0,0,0.0,0.0
37.05_118.85,118.85,37.05,98.68107116833085,98.68107116833085,1.0,0,0,0.0,0.0
37.05_118.95,118.95,37.05,98.68107116833085,98.68107116833085,1.0,0,0,0.0,0.0
37.05_119.05,119.05,37.05,98.68107116833085,98.68107116833085,1.0,0,0,0.0,0.0
37.05_119.15,119.15,37.05,98.68107116833085,98.68107116833085,1.0,0,0,0.0,0.0
37.05_119.25,119.25,37.05,98.68107116833085,98.68107116833085,1.0,2,2,0.0202673114136386,0.0202673114136386
37.05_119.35,119.35,37.05,98.68107116833085,98.68107116833085,1.0,6,6,0.0608019342409159,0.0608019342409159
37.05_119.45,119.45,37.05,98.68107116833085,98.68107116833085,1.0,0,0,0.0,0.0
37.05_119.55,119.55,37.05,98.68107116833085,98.68107116833085,1.0,0,0,0.0,0.0
37.05_119.65,119.65,37.05,98.68107116833085,98.68107116833085,1.0,0,0,0.0,0.0
37.05_119.75,119.75,37.05,98.68107116833085,98.68107116833085,1.0,0,0,0.0,0.0
37.05_119.85,119.85,37.05,98.68107116833085,98.68107116833085,1.0,0,0,0.0,0.0
37.05_119.95,119.95,37.05,98.68107116833085,98.68107116833085,1.0,0,0,0.0,0.0
37.15_117.85,117.85,37.15,98.55089979512402,98.55089979512402,1.0,83,83,0.8422043854753984,0.8422043854753984
37.15_117.95,117.95,37.15,98.55089979512402,98.55089979512402,1.0,185,185,1.877202545939141,1.877202545939141
37.15_118.05,118.05,37.15,98.55089979512402,98.55089979512402,1.0,40,40,0.4058816315544089,0.4058816315544089
37.15_118.15,118.15,37.15,98.55089979512402,98.55089979512402,1.0,24,24,0.2435289789326453,0.2435289789326453
37.15_118.25,118.25,37.15,98.55089979512402,98.55089979512402,1.0,0,0,0.0,0.0
37.15_118.35,118.35,37.15,98.55089979512402,98.55089979512402,1.0,218,218,2.2120548919715284,2.2120548919715284
37.15_118.45,118.45,37.15,98.55089979512402,98.55089979512402,1.0,233,227,2.3033782590712706,2.3033782590712706
37.15_118.55,118.55,37.15,98.55089979512402,98.55089979512402,1.0,54,54,0.547940202598452,0.547940202598452
37.15_118.65,118.65,37.15,98.55089979512402,98.55089979512402,1.0,110,109,1.1060274459857642,1.1060274459857642
37.15_118.75,118.75,37.15,98.55089979512402,98.55089979512402,1.0,67,67,0.6798517328536349,0.6798517328536349
37.15_118.85,118.85,37.15,98.55089979512402,98.55089979512402,1.0,0,0,0.0,0.0
37.15_118.95,118.95,37.15,98.55089979512402,98.55089979512402,1.0,0,0,0.0,0.0
37.15_119.05,119.05,37.15,98.55089979512402,98.55089979512402,1.0,0,0,0.0,0.0
37.15_119.15,119.15,37.15,98.55089979512402,80.06506806239486,0.8124235113919905,0,0,0.0,0.0
37.15_119.25,119.25,37.15,98.55089979512402,47.73610422760248,0.4843801966987652,0,0,0.0,0.0
37.15_119.35,119.35,37.15,98.55089979512402,30.074598506093025,0.3051681777499206,0,0,0.0,0.0
37.15_119.45,119.45,37.15,98.55089979512402,26.8311220407486,0.2722564897583625,0,0,0.0,0.0
37.15_119.55,119.55,37.15,98.55089979512402,38.99113427102566,0.395644629852023,0,0,0.0,0.0
37.15_119.65,119.65,37.15,98.55089979512402,38.46503815427423,0.3903063110964853,0,0,0.0,0.0
37.15_119.75,119.75,37.15,98.55089979512402,52.63166606798768,0.5340556623775415,0,0,0.0,0.0
37.15_119.85,119.85,37.15,98.55089979512402,97.13681524991988,0.9856512264409169,0,0,0.0,0.0
37.15_119.95,119.95,37.15,98.55089979512402,98.55089979512402,1.0,0,0,0.0,0.0
37.25_117.85,117.85,37.25,98.42042821880696,98.42042821880696,1.0,96,96,0.9754072577958522,0.9754072577958522
37.25_117.95,117.95,37.25,98.42042821880696,98.42042821880696,1.0,164,163,1.6561602397992077,1.6561602397992077
37.25_118.05,118.05,37.25,98.42042821880696,98.42042821880696,1.0,66,66,0.6705924897346485,0.6705924897346485
37.25_118.15,118.15,37.25,98.42042821880696,98.42042821880696,1.0,197,197,2.0016169769352383,2.0016169769352383
37.25_118.25,118.25,37.25,98.42042821880696,98.42042821880696,1.0,220,220,2.235308299115495,2.235308299115495
37.25_118.35,118.35,37.25,98.42042821880696,98.42042821880696,1.0,50,50,0.5080246134353397,0.5080246134353397
37.25_118.45,118.45,37.25,98.42042821880696,98.42042821880696,1.0,13,13,0.1320863994931883,0.1320863994931883
37.25_118.55,118.55,37.25,98.42042821880696,98.42042821880696,1.0,40,40,0.4064196907482718,0.4064196907482718
37.25_118.65,118.65,37.25,98.42042821880696,98.42042821880696,1.0,156,156,1.58503679391826,1.58503679391826
37.25_118.75,118.75,37.25,98.42042821880696,98.42042821880696,1.0,510,507,5.151369580234345,5.151369580234345
37.25_118.85,118.85,37.25,98.42042821880696,98.42042821880696,1.0,0,0,0.0,0.0
37.25_118.95,118.95,37.25,98.42042821880696,90.86645758524536,0.9232479397796596,0,0,0.0,0.0
37.25_119.05,119.05,37.25,98.42042821880696,39.066563580185175,0.3969355172214139,0,0,0.0,0.0
37.25_119.15,119.15,37.25,98.42042821880696,0.6950531117618084,0.0070620817683964,0,0,0.0,0.0
37.25_119.25,119.25,37.25,98.42042821880696,0.0,0.0,0,0,0.0,
37.25_119.35,119.35,37.25,98.42042821880696,0.0,0.0,0,0,0.0,
37.25_119.45,119.45,37.25,98.42042821880696,0.0,0.0,0,0,0.0,
37.25_119.55,119.55,37.25,98.42042821880696,0.0,0.0,0,0,0.0,
37.25_119.65,119.65,37.25,98.42042821880696,0.0,0.0,0,0,0.0,
37.25_119.75,119.75,37.25,98.42042821880696,0.0,0.0,0,0,0.0,
37.25_119.85,119.85,37.25,98.42042821880696,24.044413037598133,0.2443030727741086,0,0,0.0,0.0
37.25_119.95,119.95,37.25,98.42042821880696,98.42042821880696,1.0,0,0,0.0,0.0
37.35_117.85,117.85,37.35,98.28965683677932,98.28965683677932,1.0,359,354,3.60159971448324,3.60159971448324
37.35_117.95,117.95,37.35,98.28965683677932,98.28965683677932,1.0,0,0,0.0,0.0
37.35_118.05,118.05,37.35,98.28965683677932,98.28965683677932,1.0,4,4,0.040696041971562,0.040696041971562
37.35_118.15,118.15,37.35,98.28965683677932,98.28965683677932,1.0,9,9,0.0915660944360145,0.0915660944360145
37.35_118.25,118.25,37.35,98.28965683677932,98.28965683677932,1.0,68,68,0.6918327135165545,0.6918327135165545
37.35_118.35,118.35,37.35,98.28965683677932,98.28965683677932,1.0,202,200,2.0348020985781017,2.0348020985781017
37.35_118.45,118.45,37.35,98.28965683677932,98.28965683677932,1.0,86,83,0.8444428709099121,0.8444428709099121
37.35_118.55,118.55,37.35,98.28965683677932,98.28965683677932,1.0,77,77,0.7833988079525691,0.7833988079525691
37.35_118.65,118.65,37.35,98.28965683677932,98.28965683677932,1.0,118,118,1.20053323816108,1.20053323816108
37.35_118.75,118.75,37.35,98.28965683677932,98.28965683677932,1.0,41,41,0.4171344302085108,0.4171344302085108
37.35_118.85,118.85,37.35,98.28965683677932,98.28965683677932,1.0,0,0,0.0,0.0
37.35_118.95,118.95,37.35,98.28965683677932,48.74237196147442,0.4959054037844128,40,40,0.4069604197156203,0.8206412283672957
37.35_119.05,119.05,37.35,98.28965683677932,0.0,0.0,0,0,0.0,
37.35_119.15,119.15,37.35,98.28965683677932,0.0,0.0,0,0,0.0,
37.35_119.25,119.25,37.35,98.28965683677932,0.0,0.0,0,0,0.0,
37.35_119.35,119.35,37.35,98.28965683677932,0.0,0.0,0,0,0.0,
37.35_119.45,119.45,37.35,98.28965683677932,0.0,0.0,0,0,0.0,
37.35_119.55,119.55,37.35,98.28965683677932,0.0,0.0,0,0,0.0,
37.35_119.65,119.65,37.35,98.28965683677932,0.0,0.0,0,0,0.0,
37.35_119.75,119.75,37.35,98.28965683677932,0.0,0.0,0,0,0.0,
37.35_119.85,119.85,37.35,98.28965683677932,27.28703678771853,0.2776185985981376,0,0,0.0,0.0
37.35_119.95,119.95,37.35,98.28965683677932,90.46784452721477,0.9204207994890702,0,0,0.0,0.0
37.45_117.85,117.85,37.45,98.15858604741604,98.15858604741604,1.0,103,103,1.0493223685011648,1.0493223685011648
37.45_117.95,117.95,37.45,98.15858604741604,98.15858604741604,1.0,31,31,0.3158154701314185,0.3158154701314185
37.45_118.05,118.05,37.45,98.15858604741604,98.15858604741604,1.0,437,433,4.411228986029169,4.411228986029169
37.45_118.15,118.15,37.45,98.15858604741604,98.15858604741604,1.0,451,442,4.502917348325387,4.502917348325387
37.45_118.25,118.25,37.45,98.15858604741604,98.15858604741604,1.0,35,35,0.3565658533741822,0.3565658533741822
37.45_118.35,118.35,37.45,98.15858604741604,98.15858604741604,1.0,246,243,2.4755857819978937,2.4755857819978937
37.45_118.45,118.45,37.45,98.15858604741604,98.15858604741604,1.0,200,198,2.0171439705168024,2.0171439705168024
37.45_118.55,118.55,37.45,98.15858604741604,98.15858604741604,1.0,64,64,0.652006131884219,0.652006131884219
37.45_118.65,118.65,37.45,98.15858604741604,98.15858604741604,1.0,77,77,0.7844448774232009,0.7844448774232009
37.45_118.75,118.75,37.45,98.15858604741604,98.15858604741604,1.0,65,65,0.6621937276949098,0.6621937276949098
37.45_118.85,118.85,37.45,98.15858604741604,98.15858604741604,1.0,58,58,0.5908805570200734,0.5908805570200734
37.45_118.95,118.95,37.45,98.15858604741604,49.98781364783645,0.509255640904297,0,0,0.0,0.0
37.45_119.05,119.05,37.45,98.15858604741604,0.0,0.0,0,0,0.0,
37.45_119.15,119.15,37.45,98.15858604741604,0.0,0.0,0,0,0.0,
37.45_119.25,119.25,37.45,98.15858604741604,0.0,0.0,0,0,0.0,
37.45_119.35,119.35,37.45,98.15858604741604,0.0,0.0,0,0,0.0,
37.45_119.45,119.45,37.45,98.15858604741604,0.0,0.0,0,0,0.0,
37.45_119.55,119.55,37.45,98.15858604741604,0.0,0.0,0,0,0.0,
37.45_119.65,119.65,37.45,98.15858604741604,0.0,0.0,0,0,0.0,
37.45_119.75,119.75,37.45,98.15858604741604,0.0,0.0,0,0,0.0,
37.45_119.85,119.85,37.45,98.15858604741604,0.0,0.0,0,0,0.0,
37.45_119.95,119.95,37.45,98.15858604741604,3.907091438770294,0.0398038683736026,0,0,0.0,0.0
37.55_117.85,117.85,37.55,98.02721624997304,98.02721624997304,1.0,0,0,0.0,0.0
37.55_117.95,117.95,37.55,98.02721624997304,98.02721624997304,1.0,0,0,0.0,0.0
37.55_118.05,118.05,37.55,98.02721624997304,98.02721624997304,1.0,0,0,0.0,0.0
37.55_118.15,118.15,37.55,98.02721624997304,98.02721624997304,1.0,150,148,1.5097847889773237,1.5097847889773237
37.55_118.25,118.25,37.55,98.02721624997304,98.02721624997304,1.0,103,101,1.0303261059912816,1.0303261059912816
37.55_118.35,118.35,37.55,98.02721624997304,98.02721624997304,1.0,285,280,2.856349600767909,2.856349600767909
37.55_118.45,118.45,37.55,98.02721624997304,98.02721624997304,1.0,125,125,1.275156071771388,1.275156071771388
37.55_118.55,118.55,37.55,98.02721624997304,98.02721624997304,1.0,64,63,0.6426786601727796,0.6426786601727796
37.55_118.65,118.65,37.55,98.02721624997304,98.02721624997304,1.0,18,18,0.1836224743350799,0.1836224743350799
37.55_118.75,118.75,37.55,98.02721624997304,98.02721624997304,1.0,96,96,0.979319863120426,0.979319863120426
37.55_118.85,118.85,37.55,98.02721624997304,98.02721624997304,1.0,0,0,0.0,0.0
37.55_118.95,118.95,37.55,98.02721624997304,61.51440345495939,0.6275237205358906,0,0,0.0,0.0
37.55_119.05,119.05,37.55,98.02721624997304,0.0,0.0,0,0,0.0,
37.55_119.15,119.15,37.55,98.02721624997304,0.0,0.0,0,0,0.0,
37.55_119.25,119.25,37.55,98.02721624997304,0.0,0.0,0,0,0.0,
37.55_119.35,119.35,37.55,98.02721624997304,0.0,0.0,0,0,0.0,
37.55_119.45,119.45,37.55,98.02721624997304,0.0,0.0,0,0,0.0,
37.55_119.55,119.55,37.55,98.02721624997304,0.0,0.0,0,0,0.0,
37.55_119.65,119.65,37.55,98.02721624997304,0.0,0.0,0,0,0.0,
37.55_119.75,119.75,37.55,98.02721624997304,0.0,0.0,0,0,0.0,
37.55_119.85,119.85,37.55,98.02721624997304,0.0,0.0,0,0,0.0,
37.55_119.95,119.95,37.55,98.02721624997304,0.0,0.0,0,0,0.0,
37.65_117.85,117.85,37.65,97.89554784464204,97.89554784464204,1.0,0,0,0.0,0.0
37.65_117.95,117.95,37.65,97.89554784464204,97.89554784464204,1.0,0,0,0.0,0.0
37.65_118.05,118.05,37.65,97.89554784464204,97.89554784464204,1.0,0,0,0.0,0.0
37.65_118.15,118.15,37.65,97.89554784464204,97.89554784464204,1.0,2,2,0.0204299382763959,0.0204299382763959
37.65_118.25,118.25,37.65,97.89554784464204,97.89554784464204,1.0,160,158,1.6139651238352772,1.6139651238352772
37.65_118.35,118.35,37.65,97.89554784464204,97.89554784464204,1.0,162,161,1.6446100312498713,1.6446100312498713
37.65_118.45,118.45,37.65,97.89554784464204,97.89554784464204,1.0,95,94,0.960207098990608,0.960207098990608
37.65_118.55,118.55,37.65,97.89554784464204,97.89554784464204,1.0,6,6,0.0612898148291877,0.0612898148291877
37.65_118.65,118.65,37.65,97.89554784464204,97.89554784464204,1.0,0,0,0.0,0.0
37.65_118.75,118.75,37.65,97.89554784464204,97.89554784464204,1.0,0,0,0.0,0.0
37.65_118.85,118.85,37.65,97.89554784464204,97.89554784464204,1.0,0,0,0.0,0.0
37.65_118.95,118.95,37.65,97.89554784464204,91.67699005827308,0.9364776241281404,0,0,0.0,0.0
37.65_119.05,119.05,37.65,97.89554784464204,9.63345269113779,0.0984054219342625,0,0,0.0,0.0
37.65_119.15,119.15,37.65,97.89554784464204,0.4283183179795742,0.0043752583994862,0,0,0.0,0.0
37.65_119.25,119.25,37.65,97.89554784464204,13.110860582441092,0.1339270362248518,0,0,0.0,0.0
37.65_119.35,119.35,37.65,97.89554784464204,0.0,0.0,0,0,0.0,
37.65_119.45,119.45,37.65,97.89554784464204,0.0,0.0,0,0,0.0,
37.65_119.55,119.55,37.65,97.89554784464204,0.0,0.0,0,0,0.0,
37.65_119.65,119.65,37.65,97.89554784464204,0.0,0.0,0,0,0.0,
37.65_119.75,119.75,37.65,97.89554784464204,0.0,0.0,0,0,0.0,
37.65_119.85,119.85,37.65,97.89554784464204,0.0,0.0,0,0,0.0,
37.65_119.95,119.95,37.65,97.89554784464204,0.0,0.0,0,0,0.0,
37.75_117.85,117.85,37.75,97.76358123248004,97.76358123248004,1.0,0,0,0.0,0.0
37.75_117.95,117.95,37.75,97.76358123248004,97.76358123248004,1.0,0,0,0.0,0.0
37.75_118.05,118.05,37.75,97.76358123248004,97.76358123248004,1.0,0,0,0.0,0.0
37.75_118.15,118.15,37.75,97.76358123248004,97.76358123248004,1.0,1,1,0.0102287578604758,0.0102287578604758
37.75_118.25,118.25,37.75,97.76358123248004,97.76358123248004,1.0,0,0,0.0,0.0
37.75_118.35,118.35,37.75,97.76358123248004,97.76358123248004,1.0,0,0,0.0,0.0
37.75_118.45,118.45,37.75,97.76358123248004,97.76358123248004,1.0,83,80,0.8183006288380683,0.8183006288380683
37.75_118.55,118.55,37.75,97.76358123248004,97.76358123248004,1.0,11,11,0.1125163364652344,0.1125163364652344
37.75_118.65,118.65,37.75,97.76358123248004,97.76358123248004,1.0,124,121,1.2376797011175784,1.2376797011175784
37.75_118.75,118.75,37.75,97.76358123248004,97.76358123248004,1.0,17,16,0.1636601257676136,0.1636601257676136
37.75_118.85,118.85,37.75,97.76358123248004,97.76358123248004,1.0,117,117,1.1967646696756749,1.1967646696756749
37.75_118.95,118.95,37.75,97.76358123248004,97.76358123248004,1.0,33,33,0.3375490093957032,0.3375490093957032
37.75_119.05,119.05,37.75,97.76358123248004,74.93669902533293,0.7665093491934875,33,33,0.3375490093957032,0.4403716794203077
37.75_119.15,119.15,37.75,97.76358123248004,77.49599081277847,0.7926877251815724,75,75,0.767156839535689,0.9677920007654524
37.75_119.25,119.25,37.75,97.76358123248004,44.049795497208834,0.4505746919444287,0,0,0.0,0.0
37.75_119.35,119.35,37.75,97.76358123248004,0.0,0.0,0,0,0.0,
37.75_119.45,119.45,37.75,97.76358123248004,0.0,0.0,0,0,0.0,
37.75_119.55,119.55,37.75,97.76358123248004,0.0,0.0,0,0,0.0,
37.75_119.65,119.65,37.75,97.76358123248004,0.0,0.0,0,0,0.0,
37.75_119.75,119.75,37.75,97.76358123248004,0.0,0.0,0,0,0.0,
37.75_119.85,119.85,37.75,97.76358123248004,0.0,0.0,0,0,0.0,
37.75_119.95,119.95,37.75,97.76358123248004,0.0,0.0,0,0,0.0,
37.85_117.85,117.85,37.85,97.63131681550352,97.63131681550352,1.0,58,57,0.5838290607891155,0.5838290607891155
37.85_117.95,117.95,37.85,97.63131681550352,97.63131681550352,1.0,13,13,0.1331539963203246,0.1331539963203246
37.85_118.05,118.05,37.85,97.63131681550352,97.63131681550352,1.0,0,0,0.0,0.0
37.85_118.15,118.15,37.85,97.63131681550352,97.63131681550352,1.0,0,0,0.0,0.0
37.85_118.25,118.25,37.85,97.63131681550352,97.63131681550352,1.0,41,41,0.4199472191641006,0.4199472191641006
37.85_118.35,118.35,37.85,97.63131681550352,97.63131681550352,1.0,118,118,1.2086285819844846,1.2086285819844846
37.85_118.45,118.45,37.85,97.63131681550352,97.63131681550352,1.0,22,22,0.2253375322343954,0.2253375322343954
37.85_118.55,118.55,37.85,97.63131681550352,97.63131681550352,1.0,2,2,0.0204852302031268,0.0204852302031268
37.85_118.65,118.65,37.85,97.63131681550352,97.63131681550352,1.0,159,159,1.6285758011485854,1.6285758011485854
37.85_118.75,118.75,37.85,97.63131681550352,97.63131681550352,1.0,1306,1299,13.305157016930895,13.305157016930895
37.85_118.85,118.85,37.85,97.63131681550352,97.63131681550352,1.0,1024,1020,10.4474674035947,10.4474674035947
37.85_118.95,118.95,37.85,97.63131681550352,97.63131681550352,1.0,91,91,0.932077974242272,0.932077974242272
37.85_119.05,119.05,37.85,97.63131681550352,97.63131681550352,1.0,1580,1575,16.1321187849624,16.1321187849624
37.85_119.15,119.15,37.85,97.63131681550352,33.31544700264931,0.3412373005846719,0,0,0.0,0.0
37.85_119.25,119.25,37.85,97.63131681550352,0.3271657489240169,0.0033510328406434,0,0,0.0,0.0
37.85_119.35,119.35,37.85,97.63131681550352,0.0,0.0,0,0,0.0,
37.85_119.45,119.45,37.85,97.63131681550352,0.0,0.0,0,0,0.0,
37.85_119.55,119.55,37.85,97.63131681550352,0.0,0.0,0,0,0.0,
37.85_119.65,119.65,37.85,97.63131681550352,0.0,0.0,0,0,0.0,
37.85_119.75,119.75,37.85,97.63131681550352,0.0,0.0,0,0,0.0,
37.85_119.85,119.85,37.85,97.63131681550352,0.0,0.0,0,0,0.0,
37.85_119.95,119.95,37.85,97.63131681550352,0.0,0.0,0,0,0.0,
37.95_117.85,117.85,37.95,97.49875499660202,97.49875499660202,1.0,59,59,0.6051359322696607,0.6051359322696607
37.95_117.95,117.95,37.95,97.49875499660202,97.49875499660202,1.0,69,68,0.6974448032938462,0.6974448032938462
37.95_118.05,118.05,37.95,97.49875499660202,97.49875499660202,1.0,0,0,0.0,0.0
37.95_118.15,118.15,37.95,97.49875499660202,97.49875499660202,1.0,0,0,0.0,0.0
37.95_118.25,118.25,37.95,97.49875499660202,97.49875499660202,1.0,85,85,0.8718060041173078,0.8718060041173078
37.95_118.35,118.35,37.95,97.49875499660202,97.49875499660202,1.0,143,143,1.4666853951620589,1.4666853951620589
37.95_118.45,118.45,37.95,97.49875499660202,97.49875499660202,1.0,144,144,1.4769419363869685,1.4769419363869685
37.95_118.55,118.55,37.95,97.49875499660202,97.49875499660202,1.0,80,79,0.8102667567678508,0.8102667567678508
37.95_118.65,118.65,37.95,97.49875499660202,97.49875499660202,1.0,235,231,2.369261022954096,2.369261022954096
37.95_118.75,118.75,37.95,97.49875499660202,97.49875499660202,1.0,23,22,0.225643906948009,0.225643906948009
37.95_118.85,118.85,37.95,97.49875499660202,97.49875499660202,1.0,113,113,1.1589891584147738,1.1589891584147738
37.95_118.95,118.95,37.95,97.49875499660202,91.86812460795043,0.942249207296567,108,107,1.0974499110653169,1.1647130107055652
37.95_119.05,119.05,37.95,97.49875499660202,39.45354764536023,0.4046569378935685,688,687,7.046243821512829,17.41288276976511
37.95_119.15,119.15,37.95,97.49875499660202,0.0,0.0,0,0,0.0,
37.95_119.25,119.25,37.95,97.49875499660202,0.0,0.0,0,0,0.0,
37.95_119.35,119.35,37.95,97.49875499660202,0.0,0.0,0,0,0.0,
37.95_119.45,119.45,37.95,97.49875499660202,0.0,0.0,0,0,0.0,
37.95_119.55,119.55,37.95,97.49875499660202,0.0,0.0,0,0,0.0,
37.95_119.65,119.65,37.95,97.49875499660202,0.0,0.0,0,0,0.0,
37.95_119.75,119.75,37.95,97.49875499660202,0.0,0.0,0,0,0.0,
37.95_119.85,119.85,37.95,97.49875499660202,0.0,0.0,0,0,0.0,
37.95_119.95,119.95,37.95,97.49875499660202,0.0,0.0,0,0,0.0,
38.05_117.85,117.85,38.05,97.3658961795774,97.3658961795774,1.0,0,0,0.0,0.0
38.05_117.95,117.95,38.05,97.3658961795774,97.3658961795774,1.0,15,15,0.1540580489531433,0.1540580489531433
38.05_118.05,118.05,38.05,97.3658961795774,97.3658961795774,1.0,0,0,0.0,0.0
38.05_118.15,118.15,38.05,97.3658961795774,97.3658961795774,1.0,211,211,2.167083221940882,2.167083221940882
38.05_118.25,118.25,38.05,97.3658961795774,97.3658961795774,1.0,119,118,1.2119233184313938,1.2119233184313938
38.05_118.35,118.35,38.05,97.3658961795774,97.3658961795774,1.0,10,10,0.1027053659687621,0.1027053659687621
38.05_118.45,118.45,38.05,97.3658961795774,96.67850026860832,0.9929400751398492,0,0,0.0,0.0
38.05_118.55,118.55,38.05,97.3658961795774,80.06906284019351,0.8223522401777892,3,2,0.0205410731937524,0.0249784364779155
38.05_118.65,118.65,38.05,97.3658961795774,97.3658961795774,1.0,278,277,2.8449386373347125,2.8449386373347125
38.05_118.75,118.75,38.05,97.3658961795774,97.3658961795774,1.0,19,19,0.1951401953406481,0.1951401953406481
38.05_118.85,118.85,38.05,97.3658961795774,97.3658961795774,1.0,120,120,1.2324643916251463,1.2324643916251463
38.05_118.95,118.95,38.05,97.3658961795774,46.94832963496447,0.4821845376781108,286,283,2.9065618569159697,6.02790348880139
38.05_119.05,119.05,38.05,97.3658961795774,0.0,0.0,0,0,0.0,
38.05_119.15,119.15,38.05,97.3658961795774,0.0,0.0,0,0,0.0,
38.05_119.25,119.25,38.05,97.3658961795774,0.0,0.0,0,0,0.0,
38.05_119.35,119.35,38.05,97.3658961795774,0.0,0.0,0,0,0.0,
38.05_119.45,119.45,38.05,97.3658961795774,0.0,0.0,0,0,0.0,
38.05_119.55,119.55,38.05,97.3658961795774,0.0,0.0,0,0,0.0,
38.05_119.65,119.65,38.05,97.3658961795774,0.0,0.0,0,0,0.0,
38.05_119.75,119.75,38.05,97.3658961795774,0.0,0.0,0,0,0.0,
38.05_119.85,119.85,38.05,97.3658961795774,0.0,0.0,0,0,0.0,
38.05_119.95,119.95,38.05,97.3658961795774,0.0,0.0,0,0,0.0,
38.15_117.85,117.85,38.15,97.23274076915962,97.23274076915962,1.0,0,0,0.0,0.0
38.15_117.95,117.95,38.15,97.23274076915962,96.7626952752471,0.9951657693674556,0,0,0.0,0.0
38.15_118.05,118.05,38.15,97.23274076915962,65.06552126258612,0.669172963220879,0,0,0.0,0.0
38.15_118.15,118.15,38.15,97.23274076915962,44.38830261304975,0.4565160074879723,24,24,0.2468304380823578,0.5406829859933465
38.15_118.25,118.25,38.15,97.23274076915962,37.64256589487195,0.3871387929323027,14,14,0.1439844222147087,0.3719193861305618
38.15_118.35,118.35,38.15,97.23274076915962,21.797972194850445,0.2241834594234162,1,1,0.0102846015867649,0.0458758269375277
38.15_118.45,118.45,38.15,97.23274076915962,6.622623968869448,0.068111048978782,0,0,0.0,0.0
38.15_118.55,118.55,38.15,97.23274076915962,0.486141737550497,0.0049997740854044,0,0,0.0,0.0
38.15_118.65,118.65,38.15,97.23274076915962,37.27839930728078,0.3833934846677158,16,16,0.1645536253882385,0.4292029780601408
38.15_118.75,118.75,38.15,97.23274076915962,51.57299314066768,0.5304076870887265,100,100,1.0284601586764908,1.938999346561978
38.15_118.85,118.85,38.15,97.23274076915962,42.16983880102634,0.4336999910466559,112,112,1.1518753777176698,2.6559266808787068
38.15_118.95,118.95,38.15,97.23274076915962,4.870418939739466,0.0500903183558543,50,50,0.5142300793382454,10.26605731840281
38.15_119.05,119.05,38.15,97.23274076915962,0.0,0.0,0,0,0.0,
38.15_119.15,119.15,38.15,97.23274076915962,0.0,0.0,0,0,0.0,
38.15_119.25,119.25,38.15,97.23274076915962,0.0,0.0,0,0,0.0,
38.15_119.35,119.35,38.15,97.23274076915962,0.0,0.0,0,0,0.0,
38.15_119.45,119.45,38.15,97.23274076915962,0.0,0.0,0,0,0.0,
38.15_119.55,119.55,38.15,97.23274076915962,0.0,0.0,0,0,0.0,
38.15_119.65,119.65,38.15,97.23274076915962,0.0,0.0,0,0,0.0,
38.15_119.75,119.75,38.15,97.23274076915962,0.0,0.0,0,0,0.0,
38.15_119.85,119.85,38.15,97.23274076915962,0.0,0.0,0,0,0.0,
38.15_119.95,119.95,38.15,97.23274076915962,0.0,0.0,0,0,0.0,
38.25_117.85,117.85,38.25,97.09928917093592,66.14415993541479,0.6812012786105265,0,0,0.0,0.0
38.25_117.95,117.95,38.25,97.09928917093592,21.46348334476352,0.2210467607747229,0,0,0.0,0.0
38.25_118.05,118.05,38.25,97.09928917093592,0.0,0.0,0,0,0.0,
38.25_118.15,118.15,38.25,97.09928917093592,0.0,0.0,0,0,0.0,
38.25_118.25,118.25,38.25,97.09928917093592,0.0,0.0,0,0,0.0,
38.25_118.35,118.35,38.25,97.09928917093592,0.0,0.0,0,0,0.0,
38.25_118.45,118.45,38.25,97.09928917093592,0.0,0.0,0,0,0.0,
38.25_118.55,118.55,38.25,97.09928917093592,0.0,0.0,0,0,0.0,
38.25_118.65,118.65,38.25,97.09928917093592,0.0,0.0,0,0,0.0,
38.25_118.75,118.75,38.25,97.09928917093592,0.0,0.0,0,0,0.0,
38.25_118.85,118.85,38.25,97.09928917093592,0.0,0.0,0,0,0.0,
38.25_118.95,118.95,38.25,97.09928917093592,0.0,0.0,0,0,0.0,
38.25_119.05,119.05,38.25,97.09928917093592,0.0,0.0,0,0,0.0,
38.25_119.15,119.15,38.25,97.09928917093592,0.0,0.0,0,0,0.0,
38.25_119.25,119.25,38.25,97.09928917093592,0.0,0.0,0,0,0.0,
38.25_119.35,119.35,38.25,97.09928917093592,0.0,0.0,0,0,0.0,
38.25_119.45,119.45,38.25,97.09928917093592,0.0,0.0,0,0,0.0,
38.25_119.55,119.55,38.25,97.09928917093592,0.0,0.0,0,0,0.0,
38.25_119.65,119.65,38.25,97.09928917093592,0.0,0.0,0,0,0.0,
38.25_119.75,119.75,38.25,97.09928917093592,0.0,0.0,0,0,0.0,
38.25_119.85,119.85,38.25,97.09928917093592,0.0,0.0,0,0,0.0,
38.25_119.95,119.95,38.25,97.09928917093592,0.0,0.0,0,0,0.0,
38.35_117.85,117.85,38.35,96.9655417914531,0.0,0.0,0,0,0.0,
38.35_117.95,117.95,38.35,96.9655417914531,0.0,0.0,0,0,0.0,
38.35_118.05,118.05,38.35,96.9655417914531,0.0,0.0,0,0,0.0,
38.35_118.15,118.15,38.35,96.9655417914531,0.0,0.0,0,0,0.0,
38.35_118.25,118.25,38.35,96.9655417914531,0.0,0.0,0,0,0.0,
38.35_118.35,118.35,38.35,96.9655417914531,0.0,0.0,0,0,0.0,
38.35_118.45,118.45,38.35,96.9655417914531,0.0,0.0,0,0,0.0,
38.35_118.55,118.55,38.35,96.9655417914531,0.0,0.0,0,0,0.0,
38.35_118.65,118.65,38.35,96.9655417914531,0.0,0.0,0,0,0.0,
38.35_118.75,118.75,38.35,96.9655417914531,0.0,0.0,0,0,0.0,
38.35_118.85,118.85,38.35,96.9655417914531,0.0,0.0,0,0,0.0,
38.35_118.95,118.95,38.35,96.9655417914531,0.0,0.0,0,0,0.0,
38.35_119.05,119.05,38.35,96.9655417914531,0.0,0.0,0,0,0.0,
38.35_119.15,119.15,38.35,96.9655417914531,0.0,0.0,0,0,0.0,
38.35_119.25,119.25,38.35,96.9655417914531,0.0,0.0,0,0,0.0,
38.35_119.35,119.35,38.35,96.9655417914531,0.0,0.0,0,0,0.0,
38.35_119.45,119.45,38.35,96.9655417914531,0.0,0.0,0,0,0.0,
38.35_119.55,119.55,38.35,96.9655417914531,0.0,0.0,0,0,0.0,
38.35_119.65,119.65,38.35,96.9655417914531,0.0,0.0,0,0,0.0,
38.35_119.75,119.75,38.35,96.9655417914531,0.0,0.0,0,0,0.0,
38.35_119.85,119.85,38.35,96.9655417914531,0.0,0.0,0,0,0.0,
38.35_119.95,119.95,38.35,96.9655417914531,0.0,0.0,0,0,0.0,
38.45_117.85,117.85,38.45,96.83149903811528,0.0,0.0,0,0,0.0,
38.45_117.95,117.95,38.45,96.83149903811528,0.0,0.0,0,0,0.0,
38.45_118.05,118.05,38.45,96.83149903811528,0.0,0.0,0,0,0.0,
38.45_118.15,118.15,38.45,96.83149903811528,0.0,0.0,0,0,0.0,
38.45_118.25,118.25,38.45,96.83149903811528,0.0,0.0,0,0,0.0,
38.45_118.35,118.35,38.45,96.83149903811528,0.0,0.0,0,0,0.0,
38.45_118.45,118.45,38.45,96.83149903811528,0.0,0.0,0,0,0.0,
38.45_118.55,118.55,38.45,96.83149903811528,0.0,0.0,0,0,0.0,
38.45_118.65,118.65,38.45,96.83149903811528,0.0,0.0,0,0,0.0,
38.45_118.75,118.75,38.45,96.83149903811528,0.0,0.0,0,0,0.0,
38.45_118.85,118.85,38.45,96.83149903811528,0.0,0.0,0,0,0.0,
38.45_118.95,118.95,38.45,96.83149903811528,0.0,0.0,0,0,0.0,
38.45_119.05,119.05,38.45,96.83149903811528,0.0,0.0,0,0,0.0,
38.45_119.15,119.15,38.45,96.83149903811528,0.0,0.0,0,0,0.0,
38.45_119.25,119.25,38.45,96.83149903811528,0.0,0.0,0,0,0.0,
38.45_119.35,119.35,38.45,96.83149903811528,0.0,0.0,0,0,0.0,
38.45_119.45,119.45,38.45,96.83149903811528,0.0,0.0,0,0,0.0,
38.45_119.55,119.55,38.45,96.83149903811528,0.0,0.0,0,0,0.0,
38.45_119.65,119.65,38.45,96.83149903811528,0.0,0.0,0,0,0.0,
38.45_119.75,119.75,38.45,96.83149903811528,0.0,0.0,0,0,0.0,
38.45_119.85,119.85,38.45,96.83149903811528,0.0,0.0,0,0,0.0,
38.45_119.95,119.95,38.45,96.83149903811528,0.0,0.0,0,0,0.0,
