gid,lat,lon,n_pumpjacks,grid_area_km2,pumpjack_density_km2,distance_to_nearest_pumpjack_km,distance_to_nearest_high_density_cluster_km,pumpjack_class
36.85_117.85,36.85,117.85,0,98.11564122599933,0.0,20.949853289339067,34.53949262687793,No-well
36.85_117.95,36.85,117.95,0,98.11564122599933,0.0,20.52460226059076,33.396,No-well
36.85_118.05,36.85,118.05,0,98.11564122599933,0.0,23.64296328530601,34.53949262687746,No-well
36.85_118.15,36.85,118.15,0,98.11564122599933,0.0,29.10673315888457,37.76278267935891,No-well
36.85_118.25,36.85,118.25,0,98.11564122599933,0.0,34.10267451298647,34.53949262687746,No-well
36.85_118.35,36.85,118.35,0,98.11564122599933,0.0,32.126717689053244,33.396,No-well
36.85_118.45,36.85,118.45,0,98.11564122599933,0.0,29.2985677227687,33.396,No-well
36.85_118.55,36.85,118.55,0,98.11564122599933,0.0,28.540393100307718,34.53949262687746,No-well
36.85_118.65,36.85,118.65,0,98.11564122599933,0.0,30.43138964751371,37.76278267935977,No-well
36.85_118.75,36.85,118.75,0,98.11564122599933,0.0,34.53914276993212,42.59631944545441,No-well
36.85_118.85,36.85,118.85,0,98.11564122599933,0.0,37.86069247318695,45.39192129577821,No-well
36.85_118.95,36.85,118.95,0,98.11564122599933,0.0,35.02120306763968,47.890267525756094,No-well
36.85_119.05,36.85,119.05,0,98.11564122599933,0.0,27.84658110090976,51.78702924767069,No-well
36.85_119.15,36.85,119.15,0,98.11564122599933,0.0,21.83793052081844,56.79509259393883,No-well
36.85_119.25,36.85,119.25,0,98.11564122599933,0.0,17.91217424303214,62.648512807992645,No-well
36.85_119.35,36.85,119.35,0,98.11564122599933,0.0,17.73550820614254,69.13289550710714,No-well
36.85_119.45,36.85,119.45,0,98.11564122599933,0.0,21.360653935046745,76.08709348624407,No-well
36.85_119.55,36.85,119.55,0,98.11564122599933,0.0,27.447664592451897,83.39365574800246,No-well
36.85_119.65,36.85,119.65,0,98.11564122599933,0.0,34.72518562183654,90.96771577154604,No-well
36.85_119.75,36.85,119.75,0,98.11564122599933,0.0,42.58720713085603,98.74774061320694,No-well
36.85_119.85,36.85,119.85,0,98.11564122599933,0.0,50.76287399060566,106.68868126271816,No-well
36.85_119.95,36.85,119.95,0,98.11564122599933,0.0,59.12221249420583,114.75713752436828,No-well
36.95_117.85,36.95,117.85,0,98.11564122599933,0.0,10.590807204576418,23.9451337628783,No-well
36.95_117.95,36.95,117.95,0,98.11564122599933,0.0,9.724111115789446,22.26399999999953,No-well
36.95_118.05,36.95,118.05,0,98.11564122599933,0.0,15.108471980330298,23.945133762877614,No-well
36.95_118.15,36.95,118.15,0,98.11564122599933,0.0,21.32217130996801,28.397546296968475,No-well
36.95_118.25,36.95,118.25,0,98.11564122599933,0.0,23.88658253993417,23.945133762877614,No-well
36.95_118.35,36.95,118.35,0,98.11564122599933,0.0,21.11966654169601,22.26399999999953,No-well
36.95_118.45,36.95,118.45,0,98.11564122599933,0.0,18.66393651772426,22.26399999999953,No-well
36.95_118.55,36.95,118.55,0,98.11564122599933,0.0,17.449655986639662,23.945133762877614,No-well
36.95_118.65,36.95,118.65,0,98.11564122599933,0.0,20.39622346442552,28.39754629696963,No-well
36.95_118.75,36.95,118.75,0,98.11564122599933,0.0,25.286981511297466,33.39599999999953,No-well
36.95_118.85,36.95,118.85,0,98.11564122599933,0.0,27.028153115147717,34.539492626877006,No-well
36.95_118.95,36.95,118.95,0,98.11564122599933,0.0,30.49760155894713,37.76278267935849,No-well
36.95_119.05,36.95,119.05,0,98.11564122599933,0.0,22.290600742494163,42.59631944545289,No-well
36.95_119.15,36.95,119.15,0,98.11564122599933,0.0,14.183996827769263,48.56163686238403,No-well
36.95_119.25,36.95,119.25,0,98.11564122599933,0.0,7.692891766561656,55.29363606287063,No-well
36.95_119.35,36.95,119.35,0,98.11564122599933,0.0,7.209757018344445,62.54524181100081,No-well
36.95_119.45,36.95,119.45,0,98.11564122599933,0.0,13.917969732193184,70.1555117377417,No-well
36.95_119.55,36.95,119.55,0,98.11564122599933,0.0,22.15415619050193,78.01956069484315,No-well
36.95_119.65,36.95,119.65,0,98.11564122599933,0.0,30.71271497937655,86.06785314327732,No-well
36.95_119.75,36.95,119.75,0,98.11564122599933,0.0,39.38403935783951,94.25320317216372,No-well
36.95_119.85,36.95,119.85,0,98.11564122599933,0.0,48.10718990670237,102.54279468386764,No-well
36.95_119.95,36.95,119.95,0,98.11564122599933,0.0,56.85831825813569,110.91325729950746,No-well
37.05_117.85,37.05,117.85,7,98.11564122599933,0.0713443841627271,1.868311494084656,14.19877314848594,Q4
37.05_117.95,37.05,117.95,8,98.11564122599933,0.0815364390431166,2.033499275381675,11.132000000000463,Q4
37.05_118.05,37.05,118.05,0,98.11564122599933,0.0,8.287298607185306,14.198773148484786,No-well
37.05_118.15,37.05,118.15,0,98.11564122599933,0.0,13.76401073457948,20.84841393700008,No-well
37.05_118.25,37.05,118.25,0,98.11564122599933,0.0,13.437803526355305,14.198773148484786,No-well
37.05_118.35,37.05,118.35,0,98.11564122599933,0.0,10.204788924824989,11.132000000000463,No-well
37.05_118.45,37.05,118.45,0,98.11564122599933,0.0,8.738615124820909,11.132000000000463,No-well
37.05_118.55,37.05,118.55,0,98.11564122599933,0.0,6.501522728106468,14.198773148484786,No-well
37.05_118.65,37.05,118.65,0,98.11564122599933,0.0,12.339695826725526,20.84841393700165,No-well
37.05_118.75,37.05,118.75,0,98.11564122599933,0.0,14.202268947843802,22.264000000000465,No-well
37.05_118.85,37.05,118.85,0,98.11564122599933,0.0,16.514129483786235,23.94513376287848,No-well
37.05_118.95,37.05,118.95,0,98.11564122599933,0.0,21.34657625316922,28.397546296969207,No-well
37.05_119.05,37.05,119.05,0,98.11564122599933,0.0,21.590565808079862,34.56644775355316,No-well
37.05_119.15,37.05,119.15,0,98.11564122599933,0.0,13.056317109426937,41.69682787400148,No-well
37.05_119.25,37.05,119.25,2,98.11564122599933,0.0203841097607791,5.490880699407437,49.37387030660285,Q3
37.05_119.35,37.05,119.35,6,98.11564122599933,0.0611523292823375,6.010875830301668,57.378568762183455,Q3
37.05_119.45,37.05,119.45,0,98.11564122599933,0.0,13.378530352758112,65.59107185573708,No-well
37.05_119.55,37.05,119.55,0,98.11564122599933,0.0,21.81929947194867,73.94217153300521,No-well
37.05_119.65,37.05,119.65,0,98.11564122599933,0.0,30.47205366131146,82.38973373359573,No-well
37.05_119.75,37.05,119.75,0,98.11564122599933,0.0,39.19665481993682,90.9068709626133,No-well
37.05_119.85,37.05,119.85,0,98.11564122599933,0.0,47.95390405017042,99.4757137274113,No-well
37.05_119.95,37.05,119.95,0,98.11564122599933,0.0,56.72868364484471,108.08396516036407,No-well
37.15_117.85,37.15,117.85,83,98.11564122599933,0.8459405550723357,2.9606240986448498,8.813837695473804,Q4
37.15_117.95,37.15,117.95,185,98.11564122599933,1.8855301528720736,0.2677064178164081,0.0,Q4
37.15_118.05,37.15,118.05,40,98.11564122599933,0.4076821952155834,2.3385990950801703,8.813837695471943,Q4
37.15_118.15,37.15,118.15,24,98.11564122599933,0.24460931712935,3.0349417904931104,11.132,Q4
37.15_118.25,37.15,118.25,0,98.11564122599933,0.0,5.237628608488391,8.813837695471943,No-well
37.15_118.35,37.15,118.35,218,98.11564122599933,2.2218679639249297,0.9423694462929404,0.0,Q4
37.15_118.45,37.15,118.45,233,98.11564122599933,2.3747487871307738,0.0984240680041653,0.0,Q4
37.15_118.55,37.15,118.55,54,98.11564122599933,0.5503709635410376,1.8752163665891413,8.813837695471943,Q4
37.15_118.65,37.15,118.65,110,98.11564122599933,1.1211260368428546,2.092499763439444,11.132,Q4
37.15_118.75,37.15,118.75,67,98.11564122599933,0.6828676769861023,3.4348369784058086,11.132,Q4
37.15_118.85,37.15,118.85,0,98.11564122599933,0.0,7.167635492335241,14.19877314848442,No-well
37.15_118.95,37.15,118.95,0,98.11564122599933,0.0,14.703432711525158,20.848413936999822,No-well
37.15_119.05,37.15,119.05,0,98.11564122599933,0.0,21.099727347901137,28.68928438109078,No-well
37.15_119.15,37.15,119.15,0,98.11564122599933,0.0,19.68735418774351,36.97108576650253,No-well
37.15_119.25,37.15,119.25,0,98.11564122599933,0.0,15.724956893641153,45.45343548130568,No-well
37.15_119.35,37.15,119.35,0,98.11564122599933,0.0,16.029193892007708,54.04198258018107,No-well
37.15_119.45,37.15,119.45,0,98.11564122599933,0.0,20.19193833432728,62.6930971892795,No-well
37.15_119.55,37.15,119.55,0,98.11564122599933,0.0,26.63080679175919,71.38403504297263,No-well
37.15_119.65,37.15,119.65,0,98.11564122599933,0.0,34.083193736375016,80.10183488967517,No-well
37.15_119.75,37.15,119.75,0,98.11564122599933,0.0,42.06537519155992,88.83858911651626,No-well
37.15_119.85,37.15,119.85,0,98.11564122599933,0.0,50.325887519112655,97.58920713674163,No-well
37.15_119.95,37.15,119.95,0,98.11564122599933,0.0,58.74743899958788,106.3502668204776,No-well
37.25_117.85,37.25,117.85,96,98.11564122599933,0.9784372685174004,4.409837313415959,8.813837695473804,Q4
37.25_117.95,37.25,117.95,164,98.11564122599933,1.6714970003838925,0.3667633349489155,0.0,Q4
37.25_118.05,37.25,118.05,66,98.11564122599933,0.6726756221057127,0.774530456373801,8.813837695471943,Q4
37.25_118.15,37.25,118.15,197,98.11564122599933,2.0078348114367484,0.2043762322243091,0.0,Q4
37.25_118.25,37.25,118.25,220,98.11564122599933,2.242252073685709,0.0514639000770882,0.0,Q4
37.25_118.35,37.25,118.35,50,98.11564122599933,0.5096027440194794,0.2244063593718285,8.813837695471943,Q4
37.25_118.45,37.25,118.45,13,98.11564122599933,0.1324967134450646,0.8568867207523165,11.132,Q4
37.25_118.55,37.25,118.55,40,98.11564122599933,0.4076821952155834,3.172163706243758,8.813837695473804,Q4
37.25_118.65,37.25,118.65,156,98.11564122599933,1.5899605613407757,1.4672306235484422,0.0,Q4
37.25_118.75,37.25,118.75,510,98.11564122599933,5.197947988998689,0.2080838799363019,0.0,Q4
37.25_118.85,37.25,118.85,0,98.11564122599933,0.0,6.42253971905844,8.813837695471943,No-well
37.25_118.95,37.25,118.95,0,98.11564122599933,0.0,8.02113819087874,17.627675390943885,No-well
37.25_119.05,37.25,119.05,0,98.11564122599933,0.0,11.94413043866652,26.441513086415828,No-well
37.25_119.15,37.25,119.15,0,98.11564122599933,0.0,19.399198306931307,35.25535078188963,No-well
37.25_119.25,37.25,119.25,0,98.11564122599933,0.0,26.687855210912243,44.06918847736158,No-well
37.25_119.35,37.25,119.35,0,98.11564122599933,0.0,26.93663552502141,52.88302617283352,No-well
37.25_119.45,37.25,119.45,0,98.11564122599933,0.0,29.60340605872141,61.696863868307325,No-well
37.25_119.55,37.25,119.55,0,98.11564122599933,0.0,34.387620403154834,70.51070156377926,No-well
37.25_119.65,37.25,119.65,0,98.11564122599933,0.0,40.52931018663772,79.32453925925307,No-well
37.25_119.75,37.25,119.75,0,98.11564122599933,0.0,47.43897847698796,88.13837695472502,No-well
37.25_119.85,37.25,119.85,0,98.11564122599933,0.0,54.89677443638927,96.95221465019696,No-well
37.25_119.95,37.25,119.95,0,98.11564122599933,0.0,62.707435587366525,103.69934326066284,No-well
37.35_117.85,37.35,117.85,359,98.11564122599933,3.6589477020598618,2.257528872140725,0.0,Q4
37.35_117.95,37.35,117.95,0,98.11564122599933,0.0,6.965415040388506,8.813837695473804,No-well
37.35_118.05,37.35,118.05,4,98.11564122599933,0.0407682195215583,3.0400795904245337,11.132000000000463,Q3
37.35_118.15,37.35,118.15,9,98.11564122599933,0.0917284939235062,3.1206540835522696,11.132,Q4
37.35_118.25,37.35,118.25,68,98.11564122599933,0.6930597318664918,0.7460638319338139,8.813837695471943,Q4
37.35_118.35,37.35,118.35,202,98.11564122599933,2.0587950858386965,1.5719660760990892,0.0,Q4
37.35_118.45,37.35,118.45,86,98.11564122599933,0.8765167197135044,1.6537267894945742,8.813837695473804,Q4
37.35_118.55,37.35,118.55,77,98.11564122599933,0.7847882257899982,0.7595480855262612,8.813837695473804,Q4
37.35_118.65,37.35,118.65,118,98.11564122599933,1.2026624758859712,0.0584759622106141,0.0,Q4
37.35_118.75,37.35,118.75,41,98.11564122599933,0.417874250095973,1.0872228296507362,8.813837695471943,Q4
37.35_118.85,37.35,118.85,0,98.11564122599933,0.0,7.390884545668189,14.19877314848442,No-well
37.35_118.95,37.35,118.95,40,98.11564122599933,0.4076821952155834,1.1875170951577312,20.848413936999822,Q4
37.35_119.05,37.35,119.05,0,98.11564122599933,0.0,9.287011951208829,28.68928438109078,No-well
37.35_119.15,37.35,119.15,0,98.11564122599933,0.0,17.916752266901927,36.97108576650253,No-well
37.35_119.25,37.35,119.25,0,98.11564122599933,0.0,26.65838730290595,45.45343548130568,No-well
37.35_119.35,37.35,119.35,0,98.11564122599933,0.0,35.42698401354481,54.04198258018107,No-well
37.35_119.45,37.35,119.45,0,98.11564122599933,0.0,39.91054716309728,62.6930971892795,No-well
37.35_119.55,37.35,119.55,0,98.11564122599933,0.0,43.577500634751175,70.99386574242442,No-well
37.35_119.65,37.35,119.65,0,98.11564122599933,0.0,48.58510901634393,76.77662441913546,No-well
37.35_119.75,37.35,119.75,0,98.11564122599933,0.0,54.56550691171551,83.09355336718171,No-well
37.35_119.85,37.35,119.85,0,98.11564122599933,0.0,61.17564532110165,89.8320356833608,No-well
37.35_119.95,37.35,119.95,0,98.11564122599933,0.0,68.27170874437776,96.90416982097716,No-well
37.45_117.85,37.45,117.85,103,98.11564122599933,1.0497816526801274,3.5290465195478253,11.132000000000463,Q4
37.45_117.95,37.45,117.95,31,98.11564122599933,0.3159537012920771,1.528030798520147,8.813837695471943,Q4
37.45_118.05,37.45,118.05,437,98.11564122599933,4.453927982730249,0.1863400167224627,0.0,Q4
37.45_118.15,37.45,118.15,451,98.11564122599933,4.596616751055704,0.0576753639079227,0.0,Q4
37.45_118.25,37.45,118.25,35,98.11564122599933,0.3567219208136355,0.2799849166076469,8.813837695471943,Q4
37.45_118.35,37.45,118.35,246,98.11564122599933,2.5072455005758383,0.1297577642594825,0.0,Q4
37.45_118.45,37.45,118.45,200,98.11564122599933,2.038410976077917,1.1552125059181917,0.0,Q4
37.45_118.55,37.45,118.55,64,98.11564122599933,0.6522915123449335,2.601689042014034,8.813837695471943,Q4
37.45_118.65,37.45,118.65,77,98.11564122599933,0.7847882257899982,1.6023556730202952,11.132000000000463,Q4
37.45_118.75,37.45,118.75,65,98.11564122599933,0.6624835672253231,3.0258590384143864,14.198773148484786,Q4
37.45_118.85,37.45,118.85,58,98.11564122599933,0.591139183062596,1.757597421346568,20.84841393700008,Q4
37.45_118.95,37.45,118.95,0,98.11564122599933,0.0,7.7897925493313105,28.397546296969207,No-well
37.45_119.05,37.45,119.05,0,98.11564122599933,0.0,15.382289400691782,34.56644775355316,No-well
37.45_119.15,37.45,119.15,0,98.11564122599933,0.0,21.936539492034868,41.69682787400148,No-well
37.45_119.25,37.45,119.25,0,98.11564122599933,0.0,29.68461171059485,47.89026752575634,No-well
37.45_119.35,37.45,119.35,0,98.11564122599933,0.0,33.7109964278766,51.78702924767124,No-well
37.45_119.45,37.45,119.45,0,98.11564122599933,0.0,38.46003488422118,56.79509259393963,No-well
37.45_119.55,37.45,119.55,0,98.11564122599933,0.0,44.46667017300599,62.64851280799362,No-well
37.45_119.65,37.45,119.65,0,98.11564122599933,0.0,51.228340209283736,69.13289550710968,No-well
37.45_119.75,37.45,119.75,0,98.11564122599933,0.0,58.502643817636375,76.08709348624531,No-well
37.45_119.85,37.45,119.85,0,98.11564122599933,0.0,66.15242472164253,83.3936557480038,No-well
37.45_119.95,37.45,119.95,0,98.11564122599933,0.0,74.06142537985737,90.96771577154578,No-well
37.55_117.85,37.55,117.85,0,98.11564122599933,0.0,11.789902379485328,20.848413937000903,No-well
37.55_117.95,37.55,117.95,0,98.11564122599933,0.0,11.350284061943498,14.19877314848369,No-well
37.55_118.05,37.55,118.05,0,98.11564122599933,0.0,7.134809744480222,8.813837695471943,No-well
37.55_118.15,37.55,118.15,150,98.11564122599933,1.528808232058438,3.2312679653106384,0.0,Q4
37.55_118.25,37.55,118.25,103,98.11564122599933,1.0497816526801274,0.8506878470685348,8.813837695471943,Q4
37.55_118.35,37.55,118.35,285,98.11564122599933,2.9047356409110323,0.549242438217825,0.0,Q4
37.55_118.45,37.55,118.45,125,98.11564122599933,1.2740068600486982,0.8713252293169291,0.0,Q4
37.55_118.55,37.55,118.55,64,98.11564122599933,0.6522915123449335,3.90318819870636,8.813837695471943,Q4
37.55_118.65,37.55,118.65,18,98.11564122599933,0.1834569878470125,2.926267570437857,17.627675390945747,Q4
37.55_118.75,37.55,118.75,96,98.11564122599933,0.9784372685174004,1.137152864914457,23.945133762877614,Q4
37.55_118.85,37.55,118.85,0,98.11564122599933,0.0,7.942124238561695,22.264000000000465,No-well
37.55_118.95,37.55,118.95,0,98.11564122599933,0.0,10.962281429279166,23.94513376287848,No-well
37.55_119.05,37.55,119.05,0,98.11564122599933,0.0,18.0957331388336,28.397546296969207,No-well
37.55_119.15,37.55,119.15,0,98.11564122599933,0.0,19.215242834198197,34.539492626878385,No-well
37.55_119.25,37.55,119.25,0,98.11564122599933,0.0,20.030816773757103,37.76278267936018,No-well
37.55_119.35,37.55,119.35,0,98.11564122599933,0.0,24.261268596565543,42.596319445454775,No-well
37.55_119.45,37.55,119.45,0,98.11564122599933,0.0,30.502834378116656,48.56163686238601,No-well
37.55_119.55,37.55,119.55,0,98.11564122599933,0.0,37.65507214792456,55.29363606287268,No-well
37.55_119.65,37.55,119.65,0,98.11564122599933,0.0,45.39552270517864,62.54524181100445,No-well
37.55_119.75,37.55,119.75,0,98.11564122599933,0.0,53.46933677100829,70.15551173774378,No-well
37.55_119.85,37.55,119.85,0,98.11564122599933,0.0,61.745881948765245,78.01956069484523,No-well
37.55_119.95,37.55,119.95,0,98.11564122599933,0.0,70.1534416146097,86.06785314327766,No-well
37.65_117.85,37.65,117.85,0,98.11564122599933,0.0,22.450593929526917,28.39754629696963,No-well
37.65_117.95,37.65,117.95,0,98.11564122599933,0.0,19.33625812866682,20.84841393700008,No-well
37.65_118.05,37.65,118.05,0,98.11564122599933,0.0,13.57418238344112,14.198773148484786,No-well
37.65_118.15,37.65,118.15,2,98.11564122599933,0.0203841097607791,6.074860869067125,8.813837695471943,Q3
37.65_118.25,37.65,118.25,160,98.11564122599933,1.630728780862334,1.698728313603766,0.0,Q4
37.65_118.35,37.65,118.35,162,98.11564122599933,1.651112890623113,4.1053495626339815,0.0,Q4
37.65_118.45,37.65,118.45,95,98.11564122599933,0.9682452136370108,3.628643228826523,8.813837695473804,Q4
37.65_118.55,37.65,118.55,6,98.11564122599933,0.0611523292823375,4.313082982344132,14.198773148484786,Q3
37.65_118.65,37.65,118.65,0,98.11564122599933,0.0,9.630416692747424,11.132,No-well
37.65_118.75,37.65,118.75,0,98.11564122599933,0.0,11.51293555588716,14.19877314848442,No-well
37.65_118.85,37.65,118.85,0,98.11564122599933,0.0,9.995015692894068,11.132,No-well
37.65_118.95,37.65,118.95,0,98.11564122599933,0.0,12.142272459605328,14.19877314848442,No-well
37.65_119.05,37.65,119.05,0,98.11564122599933,0.0,13.252707492335771,20.848413936999822,No-well
37.65_119.15,37.65,119.15,0,98.11564122599933,0.0,8.321434908207253,23.945133762878733,No-well
37.65_119.25,37.65,119.25,0,98.11564122599933,0.0,10.06252167094085,28.397546296969995,No-well
37.65_119.35,37.65,119.35,0,98.11564122599933,0.0,16.809589841951045,34.566447753554286,No-well
37.65_119.45,37.65,119.45,0,98.11564122599933,0.0,24.792668153650222,41.69682787400281,No-well
37.65_119.55,37.65,119.55,0,98.11564122599933,0.0,33.19876424723683,49.37387030660431,No-well
37.65_119.65,37.65,119.65,0,98.11564122599933,0.0,41.773280584059904,57.37856876218671,No-well
37.65_119.75,37.65,119.75,0,98.11564122599933,0.0,50.42391376611285,65.59107185573869,No-well
37.65_119.85,37.65,119.85,0,98.11564122599933,0.0,59.120414591617866,73.94217153300684,No-well
37.65_119.95,37.65,119.95,0,98.11564122599933,0.0,67.84720505165578,82.3897337335956,No-well
37.75_117.85,37.75,117.85,0,98.11564122599933,0.0,13.21288677957718,34.566447753554584,No-well
37.75_117.95,37.75,117.95,0,98.11564122599933,0.0,13.57997203483836,28.397546296969207,No-well
37.75_118.05,37.75,118.05,0,98.11564122599933,0.0,6.244027867991763,20.848413936999822,No-well
37.75_118.15,37.75,118.15,1,98.11564122599933,0.0101920548803895,2.898710606263612,14.19877314848442,Q3
37.75_118.25,37.75,118.25,0,98.11564122599933,0.0,7.606341250114579,11.132,No-well
37.75_118.35,37.75,118.35,0,98.11564122599933,0.0,8.728701528982711,11.132,No-well
37.75_118.45,37.75,118.45,83,98.11564122599933,0.8459405550723357,0.5932640197449557,14.198773148485577,Q4
37.75_118.55,37.75,118.55,11,98.11564122599933,0.1121126036842854,4.291755424182961,8.813837695473804,Q4
37.75_118.65,37.75,118.65,124,98.11564122599933,1.263814805168309,1.0555785696661937,0.0,Q4
37.75_118.75,37.75,118.75,17,98.11564122599933,0.1732649329666229,3.7020541130781535,8.813837695471943,Q4
37.75_118.85,37.75,118.85,117,98.11564122599933,1.1924704210055816,0.1971817180796822,0.0,Q4
37.75_118.95,37.75,118.95,33,98.11564122599933,0.3363378110528564,1.4446905828386616,8.813837695471943,Q4
37.75_119.05,37.75,119.05,33,98.11564122599933,0.3363378110528564,4.739642086322655,11.132,Q4
37.75_119.15,37.75,119.15,75,98.11564122599933,0.764404116029219,1.5051181770008992,14.198773148485577,Q4
37.75_119.25,37.75,119.25,0,98.11564122599933,0.0,6.005631435552273,20.848413937001403,No-well
37.75_119.35,37.75,119.35,0,98.11564122599933,0.0,14.556187746481063,28.6892843810925,No-well
37.75_119.45,37.75,119.45,0,98.11564122599933,0.0,23.303756442390316,36.97108576650431,No-well
37.75_119.55,37.75,119.55,0,98.11564122599933,0.0,32.08761438290297,45.45343548130749,No-well
37.75_119.65,37.75,119.65,0,98.11564122599933,0.0,40.88437842367071,54.04198258018472,No-well
37.75_119.75,37.75,119.75,0,98.11564122599933,0.0,49.68719423793284,62.69309718928133,No-well
37.75_119.85,37.75,119.85,0,98.11564122599933,0.0,58.49332964732359,71.38403504297446,No-well
37.75_119.95,37.75,119.95,0,98.11564122599933,0.0,67.3014815963743,80.10183488967517,No-well
37.85_117.85,37.85,117.85,58,98.11564122599933,0.591139183062596,2.7389146877522834,34.566447753554286,Q4
37.85_117.95,37.85,117.95,13,98.11564122599933,0.1324967134450646,4.443079936047344,28.39754629696884,Q4
37.85_118.05,37.85,118.05,0,98.11564122599933,0.0,10.783281244153972,23.945133762878047,No-well
37.85_118.15,37.85,118.15,0,98.11564122599933,0.0,10.358339995304569,17.627675390943885,No-well
37.85_118.25,37.85,118.25,41,98.11564122599933,0.417874250095973,3.869574393583244,8.813837695471943,Q4
37.85_118.35,37.85,118.35,118,98.11564122599933,1.2026624758859712,0.2214241866814076,0.0,Q4
37.85_118.45,37.85,118.45,22,98.11564122599933,0.2242252073685709,4.478295429563151,8.813837695473804,Q4
37.85_118.55,37.85,118.55,2,98.11564122599933,0.0203841097607791,5.586624072696833,8.813837695473804,Q3
37.85_118.65,37.85,118.65,159,98.11564122599933,1.6205367259819443,1.2730282231769543,0.0,Q4
37.85_118.75,37.85,118.75,1306,98.11564122599933,13.3108236737888,0.1483889871965164,0.0,Q4
37.85_118.85,37.85,118.85,1024,98.11564122599933,10.436664197518937,1.021727346663225,0.0,Q4
37.85_118.95,37.85,118.95,91,98.11564122599933,0.9274769941154524,2.342855673835482,8.813837695471943,Q4
37.85_119.05,37.85,119.05,1580,98.11564122599933,16.103446711015547,0.159202136420127,0.0,Q4
37.85_119.15,37.85,119.15,0,98.11564122599933,0.0,5.031316874386339,8.813837695473804,No-well
37.85_119.25,37.85,119.25,0,98.11564122599933,0.0,11.522009162172951,17.627675390945747,No-well
37.85_119.35,37.85,119.35,0,98.11564122599933,0.0,18.811786393743414,26.44151308641769,No-well
37.85_119.45,37.85,119.45,0,98.11564122599933,0.0,26.5429972607762,35.255350781891494,No-well
37.85_119.55,37.85,119.55,0,98.11564122599933,0.0,34.664379846203175,44.06918847736344,No-well
37.85_119.65,37.85,119.65,0,98.11564122599933,0.0,42.960696442627565,52.88302617283724,No-well
37.85_119.75,37.85,119.75,0,98.11564122599933,0.0,51.40920453560577,61.69686386830919,No-well
37.85_119.85,37.85,119.85,0,98.11564122599933,0.0,59.96297735249765,70.51070156378113,No-well
37.85_119.95,37.85,119.95,0,98.11564122599933,0.0,68.58263967515971,79.32453925925307,No-well
37.95_117.85,37.95,117.85,59,98.11564122599933,0.6013312379429856,2.783254442278228,28.6892843810925,Q4
37.95_117.95,37.95,117.95,69,98.11564122599933,0.7032517867468815,1.6318385257788552,20.848413936999822,Q4
37.95_118.05,37.95,118.05,0,98.11564122599933,0.0,7.664922306014282,14.19877314848442,No-well
37.95_118.15,37.95,118.15,0,98.11564122599933,0.0,6.860750211681319,11.132,No-well
37.95_118.25,37.95,118.25,85,98.11564122599933,0.8663246648331149,3.281067649880725,8.813837695471943,Q4
37.95_118.35,37.95,118.35,143,98.11564122599933,1.457463847895711,1.2907689083925042,0.0,Q4
37.95_118.45,37.95,118.45,144,98.11564122599933,1.4676559027761005,0.0967374702738853,0.0,Q4
37.95_118.55,37.95,118.55,80,98.11564122599933,0.8153643904311669,1.6708833203024516,8.813837695471943,Q4
37.95_118.65,37.95,118.65,235,98.11564122599933,2.395132896891553,0.3233327066424062,0.0,Q4
37.95_118.75,37.95,118.75,23,98.11564122599933,0.2344172622489604,3.5536016603307568,8.813837695471943,Q4
37.95_118.85,37.95,118.85,113,98.11564122599933,1.1517022014840232,1.600801046758406,0.0,Q4
37.95_118.95,37.95,118.95,108,98.11564122599933,1.1007419270820753,1.5612532284317564,8.813837695471943,Q4
37.95_119.05,37.95,119.05,688,98.11564122599933,7.012133757708035,1.0852974074080293,0.0,Q4
37.95_119.15,37.95,119.15,0,98.11564122599933,0.0,7.052335020346352,8.813837695473804,No-well
37.95_119.25,37.95,119.25,0,98.11564122599933,0.0,14.942987672378832,17.627675390945747,No-well
37.95_119.35,37.95,119.35,0,98.11564122599933,0.0,23.499314921051894,26.44151308641769,No-well
37.95_119.45,37.95,119.45,0,98.11564122599933,0.0,32.185567483409834,35.255350781891494,No-well
37.95_119.55,37.95,119.55,0,98.11564122599933,0.0,39.595104572513534,44.06918847736344,No-well
37.95_119.65,37.95,119.65,0,98.11564122599933,0.0,47.32829560289341,52.88302617283724,No-well
37.95_119.75,37.95,119.75,0,98.11564122599933,0.0,55.20680239698424,61.69686386830919,No-well
37.95_119.85,37.95,119.85,0,98.11564122599933,0.0,63.3323137661077,70.51070156378113,No-well
37.95_119.95,37.95,119.95,0,98.11564122599933,0.0,71.59266968453174,79.32453925925307,No-well
38.05_117.85,38.05,117.85,0,98.11564122599933,0.0,10.36776457386978,26.44151308641769,No-well
38.05_117.95,38.05,117.95,15,98.11564122599933,0.1528808232058437,4.111019319197644,17.627675390943885,Q4
38.05_118.05,38.05,118.05,0,98.11564122599933,0.0,4.898348165393511,8.813837695471943,No-well
38.05_118.15,38.05,118.15,211,98.11564122599933,2.150523579762203,1.2932167305649482,0.0,Q4
38.05_118.25,38.05,118.25,119,98.11564122599933,1.2128545307663607,0.9563433980029644,0.0,Q4
38.05_118.35,38.05,118.35,10,98.11564122599933,0.1019205488038958,4.189960054767247,8.813837695471943,Q4
38.05_118.45,38.05,118.45,0,98.11564122599933,0.0,8.680559589539019,11.132,No-well
38.05_118.55,38.05,118.55,3,98.11564122599933,0.0305761646411687,6.072000276732507,8.813837695473804,Q3
38.05_118.65,38.05,118.65,278,98.11564122599933,2.833391256748305,0.4571524628249231,0.0,Q4
38.05_118.75,38.05,118.75,19,98.11564122599933,0.1936490427274021,0.7028398101386414,8.813837695471943,Q4
38.05_118.85,38.05,118.85,120,98.11564122599933,1.2230465856467505,0.4074829144693887,0.0,Q4
38.05_118.95,38.05,118.95,286,98.11564122599933,2.914927695791422,0.8673163703658293,0.0,Q4
38.05_119.05,38.05,119.05,0,98.11564122599933,0.0,7.133307622662173,8.813837695471943,No-well
38.05_119.15,38.05,119.15,0,98.11564122599933,0.0,15.258760724398684,14.198773148485577,No-well
38.05_119.25,38.05,119.25,0,98.11564122599933,0.0,20.896140316263573,20.848413937001403,No-well
38.05_119.35,38.05,119.35,0,98.11564122599933,0.0,27.858412907287107,28.6892843810925,No-well
38.05_119.45,38.05,119.45,0,98.11564122599933,0.0,35.50188108733354,36.97108576650431,No-well
38.05_119.55,38.05,119.55,0,98.11564122599933,0.0,43.58948751258264,45.45343548130749,No-well
38.05_119.65,38.05,119.65,0,98.11564122599933,0.0,51.91407085101741,54.04198258018472,No-well
38.05_119.75,38.05,119.75,0,98.11564122599933,0.0,60.377690854183925,62.69309718928133,No-well
38.05_119.85,38.05,119.85,0,98.11564122599933,0.0,68.15216176425393,71.38403504297446,No-well
38.05_119.95,38.05,119.95,0,98.11564122599933,0.0,75.91624041701704,80.10183488967517,No-well
38.15_117.85,38.15,117.85,0,98.11564122599933,0.0,17.961448924724515,28.6892843810925,No-well
38.15_117.95,38.15,117.95,0,98.11564122599933,0.0,14.633385317392063,20.848413936999822,No-well
38.15_118.05,38.15,118.05,0,98.11564122599933,0.0,6.550427139046327,14.19877314848442,No-well
38.15_118.15,38.15,118.15,24,98.11564122599933,0.24460931712935,1.4510254099300637,11.132,Q4
38.15_118.25,38.15,118.25,14,98.11564122599933,0.1426887683254542,3.926539554026,11.132,Q4
38.15_118.35,38.15,118.35,1,98.11564122599933,0.0101920548803895,6.448987126219169,14.19877314848442,Q3
38.15_118.45,38.15,118.45,0,98.11564122599933,0.0,11.612545082000684,20.848413937001403,No-well
38.15_118.55,38.15,118.55,0,98.11564122599933,0.0,11.724434599686688,14.198773148485577,No-well
38.15_118.65,38.15,118.65,16,98.11564122599933,0.1630728780862333,3.505177758264041,11.132,Q4
38.15_118.75,38.15,118.75,100,98.11564122599933,1.0192054880389587,2.2096640306246984,8.813837695471943,Q4
38.15_118.85,38.15,118.85,112,98.11564122599933,1.1415101466036337,1.1923720369421449,0.0,Q4
38.15_118.95,38.15,118.95,50,98.11564122599933,0.5096027440194794,4.824685758036346,8.813837695471943,Q4
38.15_119.05,38.15,119.05,0,98.11564122599933,0.0,10.727099024520092,14.19877314848442,No-well
38.15_119.15,38.15,119.15,0,98.11564122599933,0.0,18.56837633103172,20.848413937001403,No-well
38.15_119.25,38.15,119.25,0,98.11564122599933,0.0,26.97286742509647,28.397546296969995,No-well
38.15_119.35,38.15,119.35,0,98.11564122599933,0.0,35.018954311807214,34.566447753554286,No-well
38.15_119.45,38.15,119.45,0,98.11564122599933,0.0,41.52810015240945,41.69682787400281,No-well
38.15_119.55,38.15,119.55,0,98.11564122599933,0.0,48.70071495947187,49.37387030660431,No-well
38.15_119.65,38.15,119.65,0,98.11564122599933,0.0,56.2742122848342,57.37856876218671,No-well
38.15_119.75,38.15,119.75,0,98.11564122599933,0.0,64.16526917918706,65.59107185573869,No-well
38.15_119.85,38.15,119.85,0,98.11564122599933,0.0,72.26993869681036,73.94217153300684,No-well
38.15_119.95,38.15,119.95,0,98.11564122599933,0.0,80.52374668064176,82.3897337335956,No-well
38.25_117.85,38.25,117.85,0,98.11564122599933,0.0,27.38889869406413,34.566447753554286,No-well
38.25_117.95,38.25,117.95,0,98.11564122599933,0.0,20.5804866727215,28.39754629696884,No-well
38.25_118.05,38.25,118.05,0,98.11564122599933,0.0,15.647921431286846,23.945133762878047,No-well
38.25_118.15,38.25,118.15,0,98.11564122599933,0.0,12.25619313377272,22.264,No-well
38.25_118.25,38.25,118.25,0,98.11564122599933,0.0,13.705841658168024,22.264,No-well
38.25_118.35,38.25,118.35,0,98.11564122599933,0.0,16.663817737895766,23.945133762878047,No-well
38.25_118.45,38.25,118.45,0,98.11564122599933,0.0,20.0249445493537,28.397546296969995,No-well
38.25_118.55,38.25,118.55,0,98.11564122599933,0.0,17.643831698572015,23.945133762878733,No-well
38.25_118.65,38.25,118.65,0,98.11564122599933,0.0,13.177844633090126,20.848413936999822,No-well
38.25_118.75,38.25,118.75,0,98.11564122599933,0.0,10.417165372878983,14.19877314848442,No-well
38.25_118.85,38.25,118.85,0,98.11564122599933,0.0,11.73503354409826,11.132,No-well
38.25_118.95,38.25,118.95,0,98.11564122599933,0.0,13.808712042154236,14.19877314848442,No-well
38.25_119.05,38.25,119.05,0,98.11564122599933,0.0,18.98928822741912,20.848413936999822,No-well
38.25_119.15,38.25,119.15,0,98.11564122599933,0.0,24.6126353610052,28.397546296969995,No-well
38.25_119.25,38.25,119.25,0,98.11564122599933,0.0,31.559782782604763,34.566447753554286,No-well
38.25_119.35,38.25,119.35,0,98.11564122599933,0.0,39.20766464649489,41.69682787400123,No-well
38.25_119.45,38.25,119.45,0,98.11564122599933,0.0,47.25335460149975,48.5616368623857,No-well
38.25_119.55,38.25,119.55,0,98.11564122599933,0.0,55.43319737244584,55.2936360628724,No-well
38.25_119.65,38.25,119.65,0,98.11564122599933,0.0,62.30433573835157,62.5452418110042,No-well
38.25_119.75,38.25,119.75,0,98.11564122599933,0.0,69.54668096172284,70.15551173774357,No-well
38.25_119.85,38.25,119.85,0,98.11564122599933,0.0,77.08763262154868,78.01956069484503,No-well
38.25_119.95,38.25,119.95,0,98.11564122599933,0.0,84.87421777808791,86.06785314327749,No-well
38.35_117.85,38.35,117.85,0,98.11564122599933,0.0,34.74787886350057,42.59631944545441,No-well
38.35_117.95,38.35,117.95,0,98.11564122599933,0.0,29.678607540194147,37.76278267935891,No-well
38.35_118.05,38.35,118.05,0,98.11564122599933,0.0,25.35713046428615,34.53949262687746,No-well
38.35_118.15,38.35,118.15,0,98.11564122599933,0.0,23.339421220642333,33.396,No-well
38.35_118.25,38.35,118.25,0,98.11564122599933,0.0,24.38000588069888,33.396,No-well
38.35_118.35,38.35,118.35,0,98.11564122599933,0.0,27.266891301892606,34.53949262687746,No-well
38.35_118.45,38.35,118.45,0,98.11564122599933,0.0,30.248776059997585,37.76278267935977,No-well
38.35_118.55,38.35,118.55,0,98.11564122599933,0.0,26.881453516960253,34.53949262687793,No-well
38.35_118.65,38.35,118.65,0,98.11564122599933,0.0,24.03640726963341,28.39754629696884,No-well
38.35_118.75,38.35,118.75,0,98.11564122599933,0.0,21.40754874756032,23.945133762878047,No-well
38.35_118.85,38.35,118.85,0,98.11564122599933,0.0,22.223682465078387,22.264,No-well
38.35_118.95,38.35,118.95,0,98.11564122599933,0.0,24.44414419855823,23.945133762878047,No-well
38.35_119.05,38.35,119.05,0,98.11564122599933,0.0,27.74332401893531,28.39754629696884,No-well
38.35_119.15,38.35,119.15,0,98.11564122599933,0.0,33.09829478621916,34.566447753554286,No-well
38.35_119.25,38.35,119.25,0,98.11564122599933,0.0,38.702914018171455,41.69682787400123,No-well
38.35_119.35,38.35,119.35,0,98.11564122599933,0.0,45.272582355914686,48.56163686238435,No-well
38.35_119.45,38.35,119.45,0,98.11564122599933,0.0,52.40497927168411,55.2936360628724,No-well
38.35_119.55,38.35,119.55,0,98.11564122599933,0.0,59.98531378513388,62.54524181100263,No-well
38.35_119.65,38.35,119.65,0,98.11564122599933,0.0,67.86428631600555,69.13289550710999,No-well
38.35_119.75,38.35,119.75,0,98.11564122599933,0.0,75.94158623058735,76.08709348624559,No-well
38.35_119.85,38.35,119.85,0,98.11564122599933,0.0,83.11672592627052,83.39365574800404,No-well
38.35_119.95,38.35,119.95,0,98.11564122599933,0.0,90.39377608771755,90.96771577154604,No-well
38.45_117.85,38.45,117.85,0,98.11564122599933,0.0,43.7323821367109,51.78702924767164,No-well
38.45_117.95,38.45,117.95,0,98.11564122599933,0.0,39.20190303552286,47.890267525756094,No-well
38.45_118.05,38.45,118.05,0,98.11564122599933,0.0,35.90199902019289,45.39192129577821,No-well
38.45_118.15,38.45,118.15,0,98.11564122599933,0.0,34.45411069374454,44.528,No-well
38.45_118.25,38.45,118.25,0,98.11564122599933,0.0,35.1675083304603,44.528,No-well
38.45_118.35,38.45,118.35,0,98.11564122599933,0.0,37.57072648817179,45.39192129577821,No-well
38.45_118.45,38.45,118.45,0,98.11564122599933,0.0,40.57499764133182,47.89026752575678,No-well
38.45_118.55,38.45,118.55,0,98.11564122599933,0.0,37.08970673836748,42.59631944545441,No-well
38.45_118.65,38.45,118.65,0,98.11564122599933,0.0,34.28348773688214,37.76278267935891,No-well
38.45_118.75,38.45,118.75,0,98.11564122599933,0.0,32.494488768904084,34.53949262687746,No-well
38.45_118.85,38.45,118.85,0,98.11564122599933,0.0,33.03799402312193,33.396,No-well
38.45_118.95,38.45,118.95,0,98.11564122599933,0.0,35.15552239178893,34.53949262687746,No-well
38.45_119.05,38.45,119.05,0,98.11564122599933,0.0,37.75245630036866,37.76278267935891,No-well
38.45_119.15,38.45,119.15,0,98.11564122599933,0.0,41.8558698968312,42.59631944545441,No-well
38.45_119.25,38.45,119.25,0,98.11564122599933,0.0,47.25416125781971,48.56163686238435,No-well
38.45_119.35,38.45,119.35,0,98.11564122599933,0.0,52.85099134548993,55.29363606287091,No-well
38.45_119.45,38.45,119.45,0,98.11564122599933,0.0,59.16381657080627,62.54524181100263,No-well
38.45_119.55,38.45,119.55,0,98.11564122599933,0.0,66.01918702728312,69.13289550710857,No-well
38.45_119.65,38.45,119.65,0,98.11564122599933,0.0,73.25200709211451,76.08709348624559,No-well
38.45_119.75,38.45,119.75,0,98.11564122599933,0.0,80.79942759789233,83.09355336718171,No-well
38.45_119.85,38.45,119.85,0,98.11564122599933,0.0,88.581069801144,89.8320356833608,No-well
38.45_119.95,38.45,119.95,0,98.11564122599933,0.0,96.54031191128134,96.90416982097716,No-well
