lat,lon,ch4,co2,ch4_mean,co2_mean,oilindex,category,glat,glon,gid,index_joint,index_ch4,raw_dxch4,adjusted_ch4,log_co2,co2_high,ch4_high,quadrant
36.85,117.85,6.223782976468404,97895.90130535078,6.223782976468404,97895.90130535078,2.073489498644156,Medium,36.85,117.85,36.85_117.85,1.8197572023982644,0.3993114599078008,5.132736430206939,0.9551523953623654,11.49167017638694,True,True,I: high CO2 / high CH4
36.85,117.95,13.984623352686564,21416.07958739996,13.984623352686564,21416.07958739996,2.272040118548155,High,36.85,117.95,36.85_117.95,1.8934488892023351,0.8051913556151727,1.4487955127218726,-2.8445010539610114,9.971943994249015,True,False,II: high CO2 / low CH4
36.85,118.05,9.730389992396036,165321.7999063333,9.730389992396036,165321.7999063333,2.49418900301446,High,36.85,118.05,36.85_118.05,2.1544086522811514,0.6194280349461116,1.9095264621160608,-1.9926953441481672,12.01565520476542,True,False,II: high CO2 / low CH4
36.85,118.15,7.4946165680885315,62772.57485356741,7.4946165680885315,62772.57485356741,2.0927784808721537,Medium,36.85,118.15,36.85_118.15,1.812768235542764,0.4894571143425448,5.061857574848548,-0.4592245319604061,11.04728948131595,True,False,II: high CO2 / low CH4
36.85,118.25,14.038756688435871,27665.291231175263,14.038756688435871,27665.291231175263,2.334210441317178,High,36.85,118.25,36.85_118.25,1.9514181027232165,0.807197310356776,5.6242671766211725,0.7560413217031479,10.227970028061032,True,True,I: high CO2 / high CH4
36.85,118.35,11.978183249632515,5780.478243401895,11.978183249632515,5780.478243401895,1.859350253167664,Medium,36.85,118.35,36.85_118.35,1.5272399396178664,0.7252248899595286,4.596801868503905,-0.361620835393614,8.662414680421211,True,False,II: high CO2 / low CH4
36.85,118.45,8.249453445275625,6049.833650657286,8.249453445275625,6049.833650657286,1.6139573627249568,Medium,36.85,118.45,36.85_118.45,1.348782031163883,0.5368133859753084,3.5352244508512976,-1.632531333019754,8.707951335029307,True,False,II: high CO2 / low CH4
36.85,118.55,11.200169920921326,34119.69720432535,11.200169920921326,34119.69720432535,2.2248152260478413,High,36.85,118.55,36.85_118.55,1.8808919670178703,0.6908363726778709,2.203825926995986,-2.2898750611393344,10.437659435286804,True,False,II: high CO2 / low CH4
36.85,118.65,0.0,41316.85026041666,0.0,41316.85026041666,0.3788615851736664,Medium,36.85,118.65,36.85_118.65,0.5312459619285493,-0.7006445727117724,5.146372370089081,0.381443462868137,10.629049895268736,True,True,I: high CO2 / high CH4
36.85,118.75,0.0,58190.432942708336,0.0,58190.432942708336,0.4583714817917147,Medium,36.85,118.75,36.85_118.75,0.6060987237796905,-0.7006445727117724,4.254725595071284,-0.4831288890243285,10.971493422587397,True,False,II: high CO2 / low CH4
36.85,118.85,0.0,65915.73372395833,0.0,65915.73372395833,0.4873141865083824,Medium,36.85,118.85,36.85_118.85,0.6333461668733703,-0.7006445727117724,2.4625377822359225,-1.4897623218190204,11.096147614265318,True,False,II: high CO2 / low CH4
36.85,118.95,0.0,12048.049967447916,0.0,12048.049967447916,0.0927392394449028,Medium,36.85,118.95,36.85_118.95,0.2618826660861626,-0.7006445727117724,2.28822775307718,-2.260470807008151,9.396741094935004,True,False,II: high CO2 / low CH4
36.85,119.05,1.2874851698676746,2273.440676761015,1.2874851698676746,2273.440676761015,0.3309515339822511,Medium,36.85,119.05,36.85_119.05,0.3577348215142006,-0.2403574644858149,4.1169215352152735,-0.48933711925064,7.729489444788634,True,False,II: high CO2 / low CH4
36.85,119.15,0.0,13874.049967447916,0.0,13874.049967447916,0.1255018935865203,Medium,36.85,119.15,36.85_119.15,0.2927263126306244,-0.7006445727117724,2.6968705064408693,-1.227075793008834,9.53784753986566,True,False,II: high CO2 / low CH4
36.85,119.25,0.0,7417.174967447917,0.0,7417.174967447917,-0.0198822322810419,Medium,36.85,119.25,36.85_119.25,0.1558577740790262,-0.7006445727117724,5.501659236620594,2.203842991203722,8.911688344647606,True,True,I: high CO2 / high CH4
36.85,119.35,10.276785016059875,140075.07215099782,10.276785016059875,140075.07215099782,2.493246526361004,High,36.85,119.35,36.85_119.35,2.145813974996883,0.6470558890134361,5.307031884733598,2.081215778597894,11.849940926525184,True,True,I: high CO2 / high CH4
36.85,119.45,44.83508292833964,64659.05800258368,44.83508292833964,64659.05800258368,3.373505067143716,High,36.85,119.45,36.85_119.45,2.756898278716145,1.4271149943553376,4.191262146774863,0.9356651541468284,11.07689894831867,True,True,I: high CO2 / high CH4
36.85,119.55,47.78564784924189,26463.73050173745,47.78564784924189,26463.73050173745,3.2132345096981,High,36.85,119.55,36.85_119.55,2.596333896814494,1.4618186445393262,1.9495095991455516,-0.1552287175337385,10.18356820104498,True,False,II: high CO2 / low CH4
36.85,119.65,25.19410948952039,971.6436974747728,25.19410948952039,971.6436974747728,1.9762206534620024,Medium,36.85,119.65,36.85_119.65,1.5282847477373307,1.1158735791978949,2.8729643396228672,0.7798529581338585,6.8800178254765445,True,True,I: high CO2 / high CH4
36.85,119.75,9.712981780370075,3322.858581203968,9.712981780370075,3322.858581203968,1.585871793480222,Medium,36.85,119.75,36.85_119.75,1.2995462883504962,0.6185248501015489,1.906317783194024,0.4671899304858409,8.108881610306135,True,True,I: high CO2 / high CH4
36.85,119.85,2.0766488363345466,2040.831825657437,2.0766488363345466,2040.831825657437,0.5298877277286544,Medium,36.85,119.85,36.85_119.85,0.4990241095145327,-0.0754858195836971,3.4076667899573274,1.6187630847214167,7.62160263767262,True,True,I: high CO2 / high CH4
36.85,119.95,18.695504585901897,6685.366519241284,18.695504585901897,6685.366519241284,2.2083381322642395,Medium,36.85,119.95,36.85_119.95,1.7910561627701087,0.9572565140384408,5.541628782717215,4.109512149529056,8.807825884388892,True,True,I: high CO2 / high CH4
36.95,117.85,0.0,42211.599609375,0.0,42211.599609375,0.3838359244639974,Medium,36.95,117.85,36.95_117.85,0.53592893914401,-0.7006445727117724,7.600602334117113,3.0118926862863145,10.650474024403804,True,True,I: high CO2 / high CH4
36.95,117.95,7.032206843296687,15567.640118390322,7.032206843296687,15567.640118390322,1.7267500013272108,Medium,36.95,117.95,36.95_117.95,1.4768653006091224,0.4583208580984513,6.324659703154107,0.7227663206091056,9.653013921154372,True,True,I: high CO2 / high CH4
36.95,118.05,0.0,69686.61653645833,0.0,69686.61653645833,0.5002306499278623,Medium,36.95,118.05,36.95_118.05,0.6455060740223105,-0.7006445727117724,5.521027134083103,-0.0885734547453011,11.151777912907225,True,False,II: high CO2 / low CH4
36.95,118.15,0.0,30521.3837890625,0.0,30521.3837890625,0.3085483144280999,Medium,36.95,118.15,36.95_118.15,0.4650511517984862,-0.7006445727117724,8.043462799219968,1.598269730662101,10.326215588149818,True,True,I: high CO2 / high CH4
36.95,118.25,0.3360164357970158,10910.778604996682,0.3360164357970158,10910.778604996682,0.2886456527669897,Medium,36.95,118.25,36.95_118.25,0.4013586784380624,-0.5394974610697714,8.114052506911413,1.8142512224449296,9.29759809074588,True,True,I: high CO2 / high CH4
36.95,118.35,0.0,4517.41483561198,0.0,4517.41483561198,-0.1349925032496965,Medium,36.95,118.35,36.95_118.35,0.0474898593170652,-0.7006445727117724,6.636964960292661,0.419497534570114,8.415916511230776,True,True,I: high CO2 / high CH4
36.95,118.45,0.0,14636.283365885416,0.0,14636.283365885416,0.1379190150501642,Medium,36.95,118.45,36.95_118.45,0.304416125790108,-0.7006445727117724,4.526137128975575,-0.9855356166112594,9.591327207856942,True,False,II: high CO2 / low CH4
36.95,118.55,9.114913324515024,68059.36762875877,9.114913324515024,68059.36762875877,2.2434850808410274,High,36.95,118.55,36.95_118.55,1.9275557692828555,0.5865697357763594,7.100912331173984,1.561253955300938,11.12815034957952,True,True,I: high CO2 / high CH4
36.95,118.65,0.0,5982.631591796875,0.0,5982.631591796875,-0.0697798188075045,Medium,36.95,118.65,36.95_118.65,0.108882839887448,-0.7006445727117724,7.340075269112293,0.7540387580603671,8.696782952217111,True,True,I: high CO2 / high CH4
36.95,118.75,0.0,50099.666015625,0.0,50099.666015625,0.4236126499217566,Medium,36.95,118.75,36.95_118.75,0.5733758216649466,-0.7006445727117724,5.775965987554455,-0.5082855899864427,10.821789580709645,True,False,II: high CO2 / low CH4
36.95,118.85,0.0,12914.383626302084,0.0,12914.383626302084,0.1088605417459299,Medium,36.95,118.85,36.95_118.85,0.2770596950246596,-0.7006445727117724,6.008820624344339,0.0725179509711484,9.46617440902236,True,True,I: high CO2 / high CH4
36.95,118.95,0.0,11048.44189453125,0.0,11048.44189453125,0.072630738826206,Medium,36.95,118.95,36.95_118.95,0.2429519810769059,-0.7006445727117724,6.086973791243749,-0.0924121137986141,9.310135198388124,True,False,II: high CO2 / low CH4
36.95,119.05,2.1704816818237305,676.7811816957159,2.1704816818237305,676.7811816957159,0.29654403761999,Medium,36.95,119.05,36.95_119.05,0.2746859444118711,-0.0587740505980752,4.582893161347147,-2.044179979230084,6.518824494986579,True,False,II: high CO2 / low CH4
36.95,119.15,9.261746684710184,19137.176398520667,9.261746684710184,19137.176398520667,1.9598025054428627,Medium,36.95,119.15,36.95_119.15,1.658252804055484,0.5945867879367986,6.334637869637676,-0.9412189919041296,9.859440383483514,True,False,II: high CO2 / low CH4
36.95,119.25,33.93006340662638,7555.066484078765,33.93006340662638,7555.066484078765,2.6697240539834146,High,36.95,119.25,36.95_119.25,2.1365035887168933,1.2759754265344565,4.466907502513035,-1.4768264203275328,8.930106027428478,True,False,II: high CO2 / low CH4
36.95,119.35,53.58152977625529,58344.681527624525,53.58152977625529,58344.681527624525,3.481629214607774,High,36.95,119.35,36.95_119.35,2.8315870742985387,1.524265141014678,5.280494877612222,0.8880352469750966,10.974140625166491,True,True,I: high CO2 / high CH4
36.95,119.45,41.59302008152008,10993.721281720946,41.59302008152008,10993.721281720946,2.9066990928138066,High,36.95,119.45,36.95_119.45,2.3288187335880868,1.3863073730657696,5.88102411773958,1.1447578883166172,9.305170553119666,True,True,I: high CO2 / high CH4
36.95,119.55,7.756961762905121,17583.194210436817,7.756961762905121,17583.194210436817,1.820302771465775,Medium,36.95,119.55,36.95_119.55,1.5515321186730144,0.5063768359881836,5.895486382349524,1.3070542056190988,9.77475572130698,True,True,I: high CO2 / high CH4
36.95,119.65,19.095471660296123,26298.125275228173,19.095471660296123,26298.125275228173,2.541498988999197,High,36.95,119.65,36.95_119.65,2.101582953498117,0.968439807665564,2.7732824503178786,-0.409594753990203,10.17729095811572,True,False,II: high CO2 / low CH4
36.95,119.75,0.1674294853582978,8701.881079804958,0.1674294853582978,8701.881079804958,0.134190887632406,Medium,36.95,119.75,36.95_119.75,0.2768832412413389,-0.6145316146068838,3.403148648130643,0.6534968093541262,9.07140940842004,True,True,I: high CO2 / high CH4
36.95,119.85,0.0,20410.23323567708,0.0,20410.23323567708,0.2151233113898486,Medium,36.95,119.85,36.95_119.85,0.3770983333341625,-0.7006445727117724,2.933429935698263,1.096918859508926,9.923840677088585,True,True,I: high CO2 / high CH4
36.95,119.95,0.0,7386.160074869792,0.0,7386.160074869792,-0.0208550128774361,Medium,36.95,119.95,36.95_119.95,0.1549419721799858,-0.7006445727117724,-1.454260267874505,-2.2673989572144757,8.907498647101693,True,False,II: high CO2 / low CH4
37.05,117.85,0.0,20993.133463541668,0.0,20993.133463541668,0.2216610643411275,Medium,37.05,117.85,37.05_117.85,0.3832531503508983,-0.7006445727117724,7.294464236593405,0.202445473356072,9.951998318798632,True,True,I: high CO2 / high CH4
37.05,117.95,1.869031831622124,2875.210628628731,1.869031831622124,2875.210628628731,0.5566407990792525,Medium,37.05,117.95,37.05_117.95,0.5350522972856361,-0.1143503482037531,6.7620962571295165,-0.4320183526248656,7.964228952817376,True,False,II: high CO2 / low CH4
37.05,118.05,0.0,24140.83333333333,0.0,24140.83333333333,0.2540978886642434,Medium,37.05,118.05,37.05_118.05,0.4137900519133431,-0.7006445727117724,6.79654366053486,-0.9845891866959604,10.091701437639086,True,False,II: high CO2 / low CH4
37.05,118.15,0.0,8465.884847005209,0.0,8465.884847005209,0.0108193581649135,Medium,37.05,118.15,37.05_118.15,0.1847610796529478,-0.7006445727117724,9.823315419253705,2.796425100778196,9.043917933337818,True,True,I: high CO2 / high CH4
37.05,118.25,0.0,83850.95052083333,0.0,83850.95052083333,0.5431916762829273,Medium,37.05,118.25,37.05_118.25,0.6859507433203248,-0.7006445727117724,11.38590406244623,5.253262291576232,11.33680802900624,True,True,I: high CO2 / high CH4
37.05,118.35,0.0,68003.36653645833,0.0,68003.36653645833,0.4945535854517361,Medium,37.05,118.35,37.05_118.35,0.6401615323574358,-0.7006445727117724,10.033957438844348,3.027104294064091,11.127327195868071,True,True,I: high CO2 / high CH4
37.05,118.45,0.0,39678.134114583336,0.0,39678.134114583336,0.3694652960382484,Medium,37.05,118.45,37.05_118.45,0.5224000418248346,-0.7006445727117724,7.41344222405168,0.4791839821700696,10.588580739451622,True,True,I: high CO2 / high CH4
37.05,118.55,6.911684075991313,82245.90652230072,6.911684075991313,82245.90652230072,2.1017871424684484,Medium,37.05,118.55,37.05_118.55,1.832281553872523,0.4499108094816558,9.517806050237809,3.009238235603761,11.317481057249204,True,True,I: high CO2 / high CH4
37.05,118.65,2.165087511142095,10136.064079462703,2.165087511142095,10136.064079462703,0.923344813275806,Medium,37.05,118.65,37.05_118.65,0.8650373560465316,-0.0597212787664966,7.943091110700525,1.8242976015999663,9.22395369670628,True,True,I: high CO2 / high CH4
37.05,118.75,7.409248272577922,6163.340424963583,7.409248272577922,6163.340424963583,1.5463036720398682,Medium,37.05,118.75,37.05_118.75,1.2998695459418128,0.4838384932573789,8.625050795898492,1.8327993378236385,8.726536422845497,True,True,I: high CO2 / high CH4
37.05,118.85,6.640699009100596,3015.156160129234,6.640699009100596,3015.156160129234,1.3079087529316942,Medium,37.05,118.85,37.05_118.85,1.090311419253895,0.4305239338920161,9.465265022609897,1.6376833524731111,8.01173850501863,True,True,I: high CO2 / high CH4
37.05,118.95,7.213874975840251,2082.136025303354,7.213874975840251,2082.136025303354,1.276640845605606,Medium,37.05,118.95,37.05_118.95,1.0496496368543673,0.4707620982221518,10.556495197493582,1.352916727369178,7.641629741722875,True,True,I: high CO2 / high CH4
37.05,119.05,8.644878347714743,68382.48300529271,8.644878347714743,68382.48300529271,2.2086247619732764,Medium,37.05,119.05,37.05_119.05,1.902121571180801,0.5601002683793942,10.581012965344032,0.3738119767056191,11.13288659791968,True,True,I: high CO2 / high CH4
37.05,119.15,45.25880459944407,94786.72439449777,45.25880459944407,94786.72439449777,3.46926869293122,High,37.05,119.15,37.05_119.15,2.845624735883214,1.4322337970345511,9.20327346119057,0.9735832960441312,11.459395190349106,True,True,I: high CO2 / high CH4
37.05,119.25,42.82443300882975,8566.288330078125,42.82443300882975,8566.288330078125,2.870316353860656,High,37.05,119.25,37.05_119.25,2.2901441316933457,1.4021616739789868,8.413330536740348,-0.1054037575789241,9.055706547295692,True,False,II: high CO2 / low CH4
37.05,119.35,0.2899155020713806,17906.833333333332,0.2899155020713806,17906.833333333332,0.377130977778219,Medium,37.05,119.35,37.05_119.35,0.4901105336291523,-0.5590312429771932,9.60261717355232,1.19187349379617,9.792993512490058,True,True,I: high CO2 / high CH4
37.05,119.45,0.0,30478.25,0.0,30478.25,0.3082199633561783,Medium,37.05,119.45,37.05_119.45,0.464742033240476,-0.7006445727117724,5.726148390338131,-0.8238211896127288,10.32480140319863,True,False,II: high CO2 / low CH4
37.05,119.55,0.0,57959.81640625,0.0,57959.81640625,0.4574494930582696,Medium,37.05,119.55,37.05_119.55,0.6052307387107937,-0.7006445727117724,4.428904474971749,-1.6422206371973362,10.96752248201951,True,False,II: high CO2 / low CH4
37.05,119.65,0.0,1295.697021484375,0.0,1295.697021484375,-0.4248372579395285,Low,37.05,119.65,37.05_119.65,-0.2253778127517674,-0.7006445727117724,11.634659344992688,4.507867191750851,7.167575557555497,True,True,I: high CO2 / high CH4
37.05,119.75,2.961342970530192,10966.113370093828,2.961342970530192,10966.113370093828,1.1112033111935449,Medium,37.05,119.75,37.05_119.75,1.0070687924885895,0.065106990594037,8.784661012545817,4.216709429901981,9.302656380091095,True,True,I: high CO2 / high CH4
37.05,119.85,0.623469298084577,45815.61943361998,0.623469298084577,45815.61943361998,0.7690532660541929,Medium,37.05,119.85,37.05_119.85,0.8233862260166129,-0.4310954890382364,4.282882884879054,0.8307579042612049,10.732402174010671,True,True,I: high CO2 / high CH4
37.05,119.95,0.0,77007.54817708333,0.0,77007.54817708333,0.5234243879982253,Medium,37.05,119.95,37.05_119.95,0.6673412848081907,-0.7006445727117724,3.0889373002523515,1.081811242735573,11.251671709960876,True,True,I: high CO2 / high CH4
37.15,117.85,0.0,19535.916341145832,0.0,19535.916341145832,0.204958395629815,Medium,37.15,117.85,37.15_117.85,0.367528807388508,-0.7006445727117724,5.307612234845284,-1.0557142312231584,9.880061100509776,True,False,II: high CO2 / low CH4
37.15,117.95,3.946848213672638,2389.6857511379444,3.946848213672638,2389.6857511379444,0.9254087132243352,Medium,37.15,117.95,37.15_117.95,0.7976799357791673,0.1886920808225292,4.2058440264012384,-3.02094552655146,7.779335528932724,True,False,II: high CO2 / low CH4
37.15,118.05,0.0,4440.9033203125,0.0,4440.9033203125,-0.138957804170701,Medium,37.15,118.05,37.15_118.05,0.0437568180463172,-0.7006445727117724,6.025387133302266,-1.5048217711381149,8.398838239317131,True,False,II: high CO2 / low CH4
37.15,118.15,0.0,75001.83268229167,0.0,75001.83268229167,0.5172969256287071,Medium,37.15,118.15,37.15_118.15,0.6615727264147534,-0.7006445727117724,7.544044610575687,-0.3060652894523448,11.225281160902435,True,False,II: high CO2 / low CH4
37.15,118.25,0.0,59178.35026041666,0.0,59178.35026041666,0.462280188417102,Medium,37.15,118.25,37.15_118.25,0.6097784856536318,-0.7006445727117724,6.093764469557015,-1.4286604218807102,10.988327946853996,True,False,II: high CO2 / low CH4
37.15,118.35,0.0,13151.028157552084,0.0,13151.028157552084,0.1130762710209306,Medium,37.15,118.35,37.15_118.35,0.2810284963044099,-0.7006445727117724,7.556197374278332,-0.3773258672038572,9.484331258226764,True,False,II: high CO2 / low CH4
37.15,118.45,0.3506083289782206,25188.36885731089,0.3506083289782206,25188.36885731089,0.4910950974790199,Medium,37.15,118.45,37.15_118.45,0.5902643281495537,-0.5334548540302002,7.988999291578929,1.0885531175379148,10.134177313745386,True,True,I: high CO2 / high CH4
37.15,118.55,13.207751870155334,2959.2534701526165,13.207751870155334,2959.2534701526165,1.7723360013377458,Medium,37.15,118.55,37.15_118.55,1.4312754481724812,0.775577309010347,8.520946000731069,1.1658540558864527,7.993030175460229,True,True,I: high CO2 / high CH4
37.15,118.65,5.633022417624791,14124.44530656468,5.633022417624791,14124.44530656468,1.559519417112304,Medium,37.15,118.65,37.15_118.65,1.34913190574874,0.3518515226565727,9.274682039261185,1.3147511622343258,9.555733081646176,True,True,I: high CO2 / high CH4
37.15,118.75,0.0,186.6536687215169,0.0,186.6536687215169,-0.8736436375078855,Low,37.15,118.75,37.15_118.75,-0.6478962472616834,-0.7006445727117724,10.111006952561716,1.1902416500312103,5.234598076263971,False,True,III: low CO2 / high CH4
37.15,118.85,2.5773799816767373,31586.821564751368,2.5773799816767373,31586.821564751368,1.2797765849346303,Medium,37.15,118.85,37.15_118.85,1.181589586508618,0.0083939426598285,13.33898722695874,2.4227734242222114,10.360526931771307,True,True,I: high CO2 / high CH4
37.15,118.95,37.95022642612457,8719.002263359725,37.95022642612457,8719.002263359725,2.785314226295718,High,37.15,118.95,37.15_118.95,2.228418080161004,1.3365736258117058,5.834693360634167,-3.4773408577102973,9.073374776462591,True,False,II: high CO2 / low CH4
37.15,119.05,46.95675748586655,109429.42929108565,46.95675748586655,109429.42929108565,3.529863768033408,High,37.15,119.05,37.15_119.05,2.8970765229342925,1.4522861560228844,8.11215142245613,0.4664674652938504,11.603044277379167,True,True,I: high CO2 / high CH4
37.15,119.15,25.345916748046875,11304.61328125,25.345916748046875,11304.61328125,2.5501435727442034,High,37.15,119.15,37.15_119.15,2.06769450078506,1.1190881197910167,1.9092870419038075,-6.181334326034035,9.333054631913818,True,False,II: high CO2 / low CH4
37.15,119.25,0.0005887074997492,221.61949920654297,0.0005887074997492,221.61949920654297,-0.8335265358515138,Low,37.15,119.25,37.15_119.25,-0.6102202564036873,-0.7003171888843874,-8.528946689069205,-17.175582373175644,5.405464032518676,False,False,IV: low CO2 / low CH4
37.15,119.35,0.0,0.0,0.0,0.0,-2.0890333840732795,Background,37.15,119.35,37.15_119.35,-1.7920969458615996,-0.7006445727117724,-11.75862910389626,-20.447206822397582,0.0,False,False,IV: low CO2 / low CH4
37.15,119.45,0.0,0.0,0.0,0.0,-2.0890333840732795,Background,37.15,119.45,37.15_119.45,-1.7920969458615996,-0.7006445727117724,-14.86863380979963,-22.289480243608253,0.0,False,False,IV: low CO2 / low CH4
37.15,119.55,0.0,89.67618179321289,0.0,89.67618179321289,-1.0425118162960658,Low,37.15,119.55,37.15_119.55,-0.8068733068318787,-0.7006445727117724,-14.859814294147478,-22.64248442803133,4.507294718370087,False,False,IV: low CO2 / low CH4
37.15,119.65,0.0,0.0,0.0,0.0,-2.0890333840732795,Background,37.15,119.65,37.15_119.65,-1.7920969458615996,-0.7006445727117724,-4.236465099102153,-11.539824779262888,0.0,False,False,IV: low CO2 / low CH4
37.15,119.75,0.0,7396.001790364583,0.0,7396.001790364583,-0.0205458862724616,Medium,37.15,119.75,37.15_119.75,0.1552329923061365,-0.7006445727117724,3.86931710103257,-1.5400828058416445,8.908830033627122,True,False,II: high CO2 / low CH4
37.15,119.85,2.3916233479976654,22436.930277533207,2.3916233479976654,22436.930277533207,1.1600688799110013,Medium,37.15,119.85,37.15_119.85,1.077168237180342,-0.0212674813320164,8.504666702191493,3.310203599693729,10.018508121761336,True,True,I: high CO2 / high CH4
37.15,119.95,2.91579332947731,23776.0165939328,2.91579332947731,23776.0165939328,1.2821315204975108,Medium,37.15,119.95,37.15_119.95,1.1697799452425008,0.0586736448361113,0.1952811793815643,-1.659672142590766,10.076474703750666,True,False,II: high CO2 / low CH4
37.25,117.85,0.0,2854.683308919271,0.0,2854.683308919271,-0.2415301350798637,Medium,37.25,117.85,37.25_117.85,-0.0528075416703468,-0.7006445727117724,4.001932988391287,-3.755918375896949,7.957066431078394,True,False,II: high CO2 / low CH4
37.25,117.95,4.091037640968959,20021.90674589171,4.091037640968959,20021.90674589171,1.4405810900526697,Medium,37.25,117.95,37.25_117.95,1.2782185212471349,0.2046742782477383,4.799034973648352,-1.963602344163848,9.90463223443234,True,False,II: high CO2 / low CH4
37.25,118.05,0.0,15528.666666666666,0.0,15528.666666666666,0.1516597189167711,Medium,37.25,118.05,37.25_118.05,0.317351995133959,-0.7006445727117724,7.887462671745609,-0.5063052465446614,9.65050745207894,True,False,II: high CO2 / low CH4
37.25,118.15,0.0,569.701161702474,0.0,569.701161702474,-0.6153929253098576,Low,37.25,118.15,37.25_118.15,-0.4047720592010668,-0.7006445727117724,6.807835855260178,-0.9597573138541368,6.346865713115278,False,False,IV: low CO2 / low CH4
37.25,118.25,0.0,28970.099934895832,0.0,28970.099934895832,0.2964372434628436,Medium,37.25,118.25,37.25_118.25,0.4536494628354192,-0.7006445727117724,7.08026292849401,0.4289808130660664,10.27405405810945,True,True,I: high CO2 / high CH4
37.25,118.35,0.0,59.64698346455892,0.0,59.64698346455892,-1.135901970826777,Low,37.25,118.35,37.25_118.35,-0.8947933179709924,-0.7006445727117724,7.612318561330497,-0.1422730443855745,4.105069897377529,False,False,IV: low CO2 / low CH4
37.25,118.45,2.3782746642827988,6303.28192682704,2.3782746642827988,6303.28192682704,0.8623256054398032,Medium,37.25,118.45,37.25_118.45,0.7974766599828885,-0.0234611565718152,8.657660298296243,1.020278283664294,8.748984352432872,True,True,I: high CO2 / high CH4
37.25,118.55,9.551974952220917,4263.161009646331,9.551974952220917,4263.161009646331,1.632269253302701,Medium,37.25,118.55,37.25_118.55,1.3455760908171772,0.6101011374489335,9.758430424450886,1.1073883328309757,8.358000725368788,True,True,I: high CO2 / high CH4
37.25,118.65,1.262111313641071,8767.094015433997,1.262111313641071,8767.094015433997,0.6358275421710677,Medium,37.25,118.65,37.25_118.65,0.6464843110997305,-0.2465623468430011,11.777963938546652,3.4522335126815777,9.078874731693494,True,True,I: high CO2 / high CH4
37.25,118.75,20.01448810100556,11632.05532537649,20.01448810100556,11632.05532537649,2.38590391766034,High,37.25,118.75,37.25_118.75,1.948162105657031,0.9933148623754238,14.879397702413542,3.4930900366392543,9.36160592170475,True,True,I: high CO2 / high CH4
37.25,118.85,47.99301671981812,41453.19124087194,47.99301671981812,41453.19124087194,3.3206385755358747,High,37.25,118.85,37.25_118.85,2.6967887538459365,1.4641781205472952,11.330536265025648,2.4776327356578087,10.632344271033558,True,True,I: high CO2 / high CH4
37.25,118.95,40.7425289551417,17172.766927083332,40.7425289551417,17172.766927083332,2.995002892640043,High,37.25,118.95,37.25_118.95,2.4150803559819245,1.3750874652943896,5.207094348911078,-2.7699835415332386,9.751138319874666,True,False,II: high CO2 / low CH4
37.25,119.05,0.2754428386688232,333.97166951497394,0.2754428386688232,333.97166951497394,-0.5552438236722763,Low,37.25,119.05,37.25_119.05,-0.385901278738531,-0.5653077856379152,-12.679419501651555,-19.66716537155761,5.814045959636922,False,False,IV: low CO2 / low CH4
37.25,119.15,0.5162545045216879,0.0,0.5162545045216879,0.0,-1.7744708190153204,Low,37.25,119.15,37.25_119.15,-1.56055346400906,-0.4691010908592326,-1.8902413722153903,-16.213520116448382,0.0,False,False,IV: low CO2 / low CH4
37.25,119.25,7.627013365427653,0.0,7.627013365427653,0.0,-0.4605372632886099,Low,37.25,119.25,37.25_119.25,-0.5933921288393937,0.4980602443104335,-16.19994354248047,-9.908430244701094,0.0,False,False,IV: low CO2 / low CH4
37.25,119.35,0.0,0.0,0.0,0.0,-2.0890333840732795,Background,37.25,119.35,37.25_119.35,-1.7920969458615996,-0.7006445727117724,0.5142502814114623,0.7519056398003353,0.0,False,True,III: low CO2 / high CH4
37.25,119.45,0.0,0.0,0.0,0.0,-2.0890333840732795,Background,37.25,119.45,37.25_119.45,-1.7920969458615996,-0.7006445727117724,-0.7264907521618196,-0.2346868816870971,0.0,False,False,IV: low CO2 / low CH4
37.25,119.55,0.0,0.0,0.0,0.0,-2.0890333840732795,Background,37.25,119.55,37.25_119.55,-1.7920969458615996,-0.7006445727117724,0.7981379545662866,-0.9551907717107916,0.0,False,False,IV: low CO2 / low CH4
37.25,119.65,0.0,0.0,0.0,0.0,-2.0890333840732795,Background,37.25,119.65,37.25_119.65,-1.7920969458615996,-0.7006445727117724,0.6243190213265791,0.515191157766175,0.0,False,True,III: low CO2 / high CH4
37.25,119.75,0.0,0.0,0.0,0.0,-2.0890333840732795,Background,37.25,119.75,37.25_119.75,-1.7920969458615996,-0.7006445727117724,-15.342096351496982,-27.70454792288314,0.0,False,False,IV: low CO2 / low CH4
37.25,119.85,0.0,1068.4530131022136,0.0,1068.4530131022136,-0.4695728309265084,Low,37.25,119.85,37.25_119.85,-0.2674930881262877,-0.7006445727117724,-1.2453053285506466,-5.778909960549208,6.974902594039088,True,False,II: high CO2 / low CH4
37.25,119.95,2.5659736494223275,12986.881302368673,2.5659736494223275,12986.881302368673,1.0710085108955203,Medium,37.25,119.95,37.25_119.95,0.9855452769346784,0.0066174652452474,10.684500120108693,6.140518431657663,9.47177199415793,True,True,I: high CO2 / high CH4
37.35,117.85,3.504766856630644,30472.07863227029,3.504766856630644,30472.07863227029,1.44563186160785,Medium,37.35,117.85,37.35_117.85,1.301959501118312,0.1366171580786161,6.880338339419797,-0.344620341482679,10.324598905020489,True,False,II: high CO2 / low CH4
37.35,117.95,18.758416573206585,46831.86300845444,18.758416573206585,46831.86300845444,2.6626976941410345,High,37.35,117.95,37.35_117.95,2.2183076099792336,0.9590305362519786,7.415767635769332,-1.7813916723949437,10.754340436513298,True,False,II: high CO2 / low CH4
37.35,118.05,8.271331747372946,53599.800407250725,8.271331747372946,53599.800407250725,2.1222214617485906,Medium,37.35,118.05,37.35_118.05,1.8269089345167864,0.5381276114335493,7.210751301939446,-2.6386775787861114,10.889319279918494,True,False,II: high CO2 / low CH4
37.35,118.15,3.020425001780192,565.0480206732949,3.020425001780192,565.0480206732949,0.4342033103493219,Medium,37.35,118.15,37.35_118.15,0.3674253046802986,0.0733422959120625,4.987389010717693,-4.318167807826093,6.338678916783255,False,False,IV: low CO2 / low CH4
37.35,118.25,2.326038360595703,1650.9850659097235,2.326038360595703,1650.9850659097235,0.539596376464827,Medium,37.35,118.25,37.35_118.25,0.4960689187940607,-0.0321296255010245,5.675151115345824,-3.5398961709982357,7.4097329140338415,True,False,II: high CO2 / low CH4
37.35,118.35,0.0,1810.0899861653645,0.0,1810.0899861653645,-0.3472626006534716,Low,37.35,118.35,37.35_118.35,-0.1523469374204692,-0.7006445727117724,7.73814368676978,-0.7783318456125452,7.501684145310135,True,False,II: high CO2 / low CH4
37.35,118.45,2.2483167896668115,16947.896421601996,2.2483167896668115,16947.896421601996,1.0623039823792475,Medium,37.35,118.45,37.35_118.45,0.9918292773924792,-0.0452826035664646,10.848575559624749,1.3406383941813025,9.737958002818898,True,True,I: high CO2 / high CH4
37.35,118.55,9.803353309631348,9535.141273083786,9.803353309631348,9535.141273083786,1.836933285700892,Medium,37.35,118.55,37.35_118.55,1.534598756830314,0.6231976947160965,12.234024483671744,4.262744877648462,9.162844203906362,True,True,I: high CO2 / high CH4
37.35,118.65,45.72415848573049,5640.857723501821,45.72415848573049,5640.857723501821,2.821743075158217,High,37.35,118.65,37.35_118.65,2.2344733323116355,1.4378017946825694,16.225637103785566,3.963019782569962,8.63796867385685,True,True,I: high CO2 / high CH4
37.35,118.75,45.46462502082189,1132.920020038883,45.46462502082189,1132.920020038883,2.444986897297109,High,37.35,118.75,37.35_118.75,1.880649286734199,1.4347033317931015,9.815472722922344,-0.7029564938334861,7.033435952734165,True,False,II: high CO2 / low CH4
37.35,118.85,1.9173799955751747e-05,4483.934977213542,1.9173799955751747e-05,4483.934977213542,-0.1367048200474505,Medium,37.35,118.85,37.35_118.85,0.0458748626503373,-0.7006339070087608,1.203895588726268,-7.404245246811675,8.408479276553585,True,False,II: high CO2 / low CH4
37.35,118.95,0.0077903999481349,40.82731628417969,0.0077903999481349,40.82731628417969,-1.2162984875152327,Low,37.35,118.95,37.35_118.95,-0.9716850271629373,-0.6963278016750978,-5.582632307728965,-12.574169284731832,3.73354962571434,False,False,IV: low CO2 / low CH4
37.35,119.05,0.0653920328865448,0.0,0.0653920328865448,0.0,-2.041164042998392,Background,37.35,119.05,37.35_119.05,-1.7568612403528276,-0.6654088672030002,-20.08852500072504,-26.24351222103221,0.0,False,False,IV: low CO2 / low CH4
37.35,119.15,0.5300333400567373,0.0,0.5300333400567373,0.0,-1.7676343087201016,Low,37.35,119.15,37.35_119.15,-1.555521239665442,-0.4640688665156144,3.6819178812692894,-0.1001985844878419,0.0,False,False,IV: low CO2 / low CH4
37.35,119.25,2.746520002683004,0.0,2.746520002683004,0.0,-1.0908599464088793,Low,37.35,119.25,37.35_119.25,-1.057360588383876,0.0340917847659512,1.378341812749441,-0.8209546878377761,0.0,False,False,IV: low CO2 / low CH4
37.35,119.35,0.7717476685841879,0.0,0.7717476685841879,0.0,-1.6567878793166615,Low,37.35,119.35,37.35_119.35,-1.4739293051316382,-0.3824769319818109,1.947061784660957,0.540989768701639,0.0,False,True,III: low CO2 / high CH4
37.35,119.45,0.0010870666786407,0.0,0.0010870666786407,0.0,-2.0882123140948434,Background,37.35,119.45,37.35_119.45,-1.791492571969822,-0.7000401988199948,0.2411510286076783,0.7906300784827839,0.0,False,True,III: low CO2 / high CH4
37.35,119.55,0.0001958451684912,0.0,0.0001958451684912,0.0,-2.088885394787556,Background,37.35,119.55,37.35_119.55,-1.7919880137816273,-0.7005356406318,-0.5143855207532646,-0.913531822506508,0.0,False,False,IV: low CO2 / low CH4
37.35,119.65,0.0,0.0,0.0,0.0,-2.0890333840732795,Background,37.35,119.65,37.35_119.65,-1.7920969458615996,-0.7006445727117724,3.670906008164226,1.0057152712928783,0.0,False,True,III: low CO2 / high CH4
37.35,119.75,0.0,0.0,0.0,0.0,-2.0890333840732795,Background,37.35,119.75,37.35_119.75,-1.7920969458615996,-0.7006445727117724,-24.849101778260057,-32.548314798245194,0.0,False,False,IV: low CO2 / low CH4
37.35,119.85,0.0,3832.5266927083335,0.0,3832.5266927083335,-0.1731579855005544,Medium,37.35,119.85,37.35_119.85,0.0115598446224044,-0.7006445727117724,5.4247048480272175,-2.3013249670382634,8.251540465987185,True,False,II: high CO2 / low CH4
37.35,119.95,0.5602406188845634,7863.759772010264,0.5602406188845634,7863.759772010264,0.3298647588273349,Medium,37.35,119.95,37.35_119.95,0.4160870475909224,-0.453193499839141,15.954417166578326,12.095617259931114,8.97014727109841,True,True,I: high CO2 / high CH4
37.45,117.85,2.9196858207384744,863.0902855334183,2.9196858207384744,863.0902855334183,0.513239548638123,Medium,37.45,117.85,37.45_117.85,0.4457701145125881,0.0592263297068845,5.619783694238469,-0.8470143862374696,6.761677260489769,True,False,II: high CO2 / low CH4
37.45,117.95,7.792579581340154,57794.10519660823,7.792579581340154,57794.10519660823,2.099646872900257,Medium,37.45,117.95,37.45_117.95,1.8138842823415116,0.5086348030119665,7.196507008841248,0.6008683545993813,10.964659365894688,True,True,I: high CO2 / high CH4
37.45,118.05,5.279437532027562,56844.52704228306,5.279437532027562,56844.52704228306,1.841404655485764,Medium,37.45,118.05,37.45_118.05,1.6230072688868895,0.3213789764346899,10.620586146539626,1.868367536004684,10.948092816088227,True,True,I: high CO2 / high CH4
37.45,118.15,3.9939966996510825,491.4496668813129,3.9939966996510825,491.4496668813129,0.5657398710045323,Medium,37.45,118.15,37.45_118.15,0.4576059284645657,0.1939687900505836,11.824126625095646,1.8036783502842333,6.199392256163686,False,True,III: low CO2 / high CH4
37.45,118.25,4.844321588675181,2547.666920289397,4.844321588675181,2547.666920289397,1.0662594681347113,Medium,37.45,118.25,37.45_118.25,0.9044084094433807,0.2814333054006401,8.304971493609184,-1.6172859355818867,7.84332572510017,True,False,II: high CO2 / low CH4
37.45,118.35,3.1066149473190308,35614.774816162884,3.1066149473190308,35614.774816162884,1.4119078456241791,Medium,37.45,118.35,37.45_118.35,1.2845710577150231,0.0851415878986775,10.976733913619157,1.7777065383467825,10.480543931508196,True,True,I: high CO2 / high CH4
37.45,118.45,51.10032979647318,85903.13159866631,51.10032979647318,85903.13159866631,3.5362895503848444,High,37.45,118.45,37.45_118.45,2.8902656023345648,1.4983850993235484,13.542376379065422,3.620076203121225,11.360987204588286,True,True,I: high CO2 / high CH4
37.45,118.55,79.62949832280476,43851.39033837616,79.62949832280476,43851.39033837616,3.710185531741709,High,37.45,118.55,37.45_118.55,2.9862082368485074,1.741304373484393,15.149453137497122,1.923844416268182,10.688584508022172,True,True,I: high CO2 / high CH4
37.45,118.65,43.61501361926397,34150.03706940884,43.61501361926397,34150.03706940884,3.204901462138741,High,37.45,118.65,37.45_118.65,2.6023570578436632,1.4121071864083197,11.439672093694986,-1.0977799291417265,10.438548232602516,True,False,II: high CO2 / low CH4
37.45,118.75,8.021043419837952,69344.84234726615,8.021043419837952,69344.84234726615,2.161336867787357,Medium,37.45,118.75,37.45_118.75,1.867980152740062,0.5229041625118002,12.186653882413,1.7502071931060657,11.146861472212075,True,True,I: high CO2 / high CH4
37.45,118.85,2.701309695839882,46418.11563374987,2.701309695839882,46418.11563374987,1.394890186993639,Medium,37.45,118.85,37.45_118.85,1.2846756899657463,0.0273382909711323,5.748943083225838,-3.3198632969877977,10.7454666282413,True,False,II: high CO2 / low CH4
37.45,118.95,0.2922293624530235,42.54054630423585,0.2922293624530235,42.54054630423585,-1.0190997865724158,Low,37.45,118.95,37.45_118.95,-0.8246168987666055,-0.5580342958724801,-10.915752200793566,-16.77658878839836,3.7736926029081146,False,False,IV: low CO2 / low CH4
37.45,119.05,0.0003243740017447,0.0,0.0003243740017447,0.0,-2.0887882884550333,Background,37.45,119.05,37.45_119.05,-1.7919165356693538,-0.7004641625195264,-8.890716869789204,-16.610159651193676,0.0,False,False,IV: low CO2 / low CH4
37.45,119.15,0.166942333181699,0.0,0.166942333181699,0.0,-1.972360350952272,Background,37.45,119.15,37.45_119.15,-1.7062161598813694,-0.6147637867315422,2.839390172745637,0.4150997067768331,0.0,False,True,III: low CO2 / high CH4
37.45,119.25,6.796378294626872,0.0,6.796378294626872,0.0,-0.5370454766025704,Low,37.45,119.25,37.45_119.25,-0.6497083599133845,0.4417440132364428,4.846566104211822,4.030685863129949,0.0,False,True,III: low CO2 / high CH4
37.45,119.35,1.788325011730194,0.0,1.788325011730194,0.0,-1.314088813961702,Low,37.45,119.35,37.45_119.35,-1.2216750840825503,-0.1302227109327232,-0.1216828048523862,-1.0084002707905442,0.0,False,False,IV: low CO2 / low CH4
37.45,119.45,1.6833133300145466,0.0,1.6833133300145466,0.0,-1.343099866870767,Low,37.45,119.45,37.45_119.45,-1.2430295647135674,-0.1515771915637401,1.0680215948318483,0.3790389957528207,0.0,False,True,III: low CO2 / high CH4
37.45,119.55,0.1009897825618584,0.0,0.1009897825618584,0.0,-2.0163260461972383,Background,37.45,119.55,37.45_119.55,-1.738578466429867,-0.6471260932800393,2.95161871173208,1.252746763908132,0.0,False,True,III: low CO2 / high CH4
37.45,119.65,0.0147380167618393,0.0,0.0147380167618393,0.0,-2.077976872039497,Background,37.45,119.65,37.45_119.65,-1.7839584590299746,-0.6925060858801472,2.210858002798365,1.408651807676526,0.0,False,True,III: low CO2 / high CH4
37.45,119.75,0.0001958451684912,0.0,0.0001958451684912,0.0,-2.088885394787556,Background,37.45,119.75,37.45_119.75,-1.7919880137816273,-0.7005356406318,-1.8461209581328848,-2.371010693339141,0.0,False,False,IV: low CO2 / low CH4
37.45,119.85,0.2998638351758321,0.0,0.2998638351758321,0.0,-1.890839069279805,Background,37.45,119.85,37.45_119.85,-1.646209905163658,-0.5547575320138306,-5.103636635019688,-9.660777761645068,0.0,False,False,IV: low CO2 / low CH4
37.45,119.95,28.994499842325848,3508.460001627604,28.994499842325848,3508.460001627604,2.3765433482922083,High,37.45,119.95,37.45_119.95,1.8841351112975064,1.1912367122860343,7.556562417895949,4.490584366625152,8.163217458934309,True,True,I: high CO2 / high CH4
37.55,117.85,2.8853945483764014,4157.548077850603,2.8853945483764014,4157.548077850603,0.871416744416887,Medium,37.55,117.85,37.55_117.85,0.7843313854116271,0.0543384054396518,6.198322645485686,-0.6465642359049534,8.33292127258629,True,False,II: high CO2 / low CH4
37.55,117.95,4.19935064514478,3801.25225163096,4.19935064514478,3801.25225163096,1.07076716480358,Medium,37.55,117.95,37.55_117.95,0.9267987732185704,0.2163849102070197,5.645354118943532,-0.0194176564535559,8.243348867936131,True,True,I: high CO2 / high CH4
37.55,118.05,1.4474356720844903,746.1450680911852,1.4474356720844903,746.1450680911852,0.1235546780013794,Medium,37.55,118.05,37.55_118.05,0.1519972960959102,-0.20276042745678,5.966338508038188,-0.7766210737305909,6.61625936720354,True,False,II: high CO2 / low CH4
37.55,118.15,0.0,1526.4200032552085,0.0,1526.4200032552085,-0.3868148669879309,Low,37.55,118.15,37.55_118.15,-0.1895825080668299,-0.7006445727117724,9.33710602351064,0.6622592612053901,7.331335318646653,True,True,I: high CO2 / high CH4
37.55,118.25,0.0,66609.68424479167,0.0,66609.68424479167,0.4897457687404379,Medium,37.55,118.25,37.55_118.25,0.6356353239906517,-0.7006445727117724,8.872954788863233,-0.1386153948347589,11.106620267757885,True,False,II: high CO2 / low CH4
37.55,118.35,44.353782653808594,2611.1133626302085,44.353782653808594,2611.1133626302085,2.6204528921469104,High,37.55,118.35,37.55_118.35,2.049592798019704,1.42124288975626,8.352516976380265,-2.0057076582482463,7.867914890155231,True,False,II: high CO2 / low CH4
37.55,118.45,44.53438752889633,15701.18203033336,44.53438752889633,15701.18203033336,3.039910755929218,High,37.55,118.45,37.55_118.45,2.443865012196067,1.4234536321242213,12.741837826072835,2.252927077816598,9.661554964502962,True,True,I: high CO2 / high CH4
37.55,118.55,24.3100368976593,23792.97136329363,24.3100368976593,23792.97136329363,2.692605724306139,High,37.55,118.55,37.55_118.55,2.208036989074728,1.096774877495443,14.015728420209866,3.4624563749938915,10.07718752350938,True,True,I: high CO2 / high CH4
37.55,118.65,10.863919993241629,32890.46210282482,10.863919993241629,32890.46210282482,2.1951753253609767,Medium,37.55,118.65,37.55_118.65,1.857325245182551,0.6752897349353171,10.25094936078761,0.4800814565402148,10.400968392522335,True,True,I: high CO2 / high CH4
37.55,118.75,5.455191155274709,8317.277790608196,5.455191155274709,8317.277790608196,1.4160354176216845,Medium,37.55,118.75,37.55_118.75,1.2182694625991233,0.3367343727715828,15.255794937589556,4.676200214000325,9.026210516067428,True,True,I: high CO2 / high CH4
37.55,118.85,0.0,3736.9016927083335,0.0,3736.9016927083335,-0.1790231330867787,Medium,37.55,118.85,37.55_118.85,0.0060382364432058,-0.7006445727117724,4.098526600663109,-3.448650213317663,8.2262796882337,True,False,II: high CO2 / low CH4
37.55,118.95,0.0,1306.1516520182292,0.0,1306.1516520182292,-0.4229727789022653,Low,37.55,118.95,37.55_118.95,-0.2236225418824926,-0.7006445727117724,-9.048194448103052,-14.526533644205305,7.175605737511575,True,False,II: high CO2 / low CH4
37.55,119.05,0.0021702566882595,0.0,0.0021702566882595,0.0,-2.0873950585410435,Background,37.55,119.05,37.55_119.05,-1.790891005802992,-0.6994386326531645,-10.404895126831146,-17.617293411711437,0.0,False,False,IV: low CO2 / low CH4
37.55,119.15,0.0022119583251575,0.0,0.0022119583251575,0.0,-2.087363612752223,Background,37.55,119.15,37.55_119.15,-1.7908678591598697,-0.699415486010042,6.10024521435335,2.1242997494724327,0.0,False,True,III: low CO2 / high CH4
37.55,119.25,0.0099281299238403,0.0,0.0099281299238403,0.0,-2.0815675146969674,Background,37.55,119.25,37.55_119.25,-1.786601462347441,-0.6951490891976138,7.929066404098604,2.885535741925194,0.0,False,True,III: low CO2 / high CH4
37.55,119.35,0.0745150670409202,0.0,0.0745150670409202,0.0,-2.03472031879756,Background,37.55,119.35,37.55_119.35,-1.7521181383334148,-0.6606657651835873,1.908072779786707,0.3489074911844324,0.0,False,True,III: low CO2 / high CH4
37.55,119.45,0.7115055024623871,0.0,0.7115055024623871,0.0,-1.682930479197568,Low,37.55,119.45,37.55_119.45,-1.493172372405036,-0.4017199992552088,1.2941215300111162,-0.077559173130902,0.0,False,True,III: low CO2 / high CH4
37.55,119.55,2.99503501256307,0.0,2.99503501256307,0.0,-1.0423239892400322,Low,37.55,119.55,37.55_119.55,-1.0216341995306764,0.0698181736191509,2.2948436055813253,1.7932584271524294,0.0,False,True,III: low CO2 / high CH4
37.55,119.65,2.015324970086416,0.0,2.015324970086416,0.0,-1.254941352172947,Low,37.55,119.65,37.55_119.65,-1.1781377698354305,-0.0866853966856032,1.77437267095508,0.7776870106683793,0.0,False,True,III: low CO2 / high CH4
37.55,119.75,0.1183891668915748,0.0,0.1183891668915748,0.0,-2.004476512836648,Background,37.55,119.75,37.55_119.75,-1.7298562517819367,-0.6384038786321093,0.6517015474720453,0.6808866395542077,0.0,False,True,III: low CO2 / high CH4
37.55,119.85,6.79221494992574,0.0,6.79221494992574,0.0,-0.5374491455909062,Low,37.55,119.85,37.55_119.85,-0.6500054929274732,0.4414468802223541,-0.220729938174265,-1.3456250415961355,0.0,False,False,IV: low CO2 / low CH4
37.55,119.95,0.5414963364601135,0.0,0.5414963364601135,0.0,-1.7619935777330795,Low,37.55,119.95,37.55_119.95,-1.5513692055774442,-0.4599168324276169,0.3912359428986002,0.7174835163133156,0.0,False,True,III: low CO2 / high CH4
37.65,117.85,4.0831088324387865,1526.9365672947215,4.0831088324387865,1526.9365672947215,0.8420034369408035,Medium,37.65,117.85,37.65_117.85,0.7149432414885064,0.2038072654934337,5.335163092867135,-0.6288106282962497,7.33167345531418,True,False,II: high CO2 / low CH4
37.65,117.95,0.0,57.33308347066244,0.0,57.33308347066244,-1.1449340421850176,Low,37.65,117.95,37.65_117.95,-0.9032963536326868,-0.7006445727117724,5.723905020528398,-0.026607008116296,4.066169401886159,False,True,III: low CO2 / high CH4
37.65,118.05,0.2715637988100449,2325.398192620409,0.2715637988100449,2325.398192620409,-0.107566091672306,Medium,37.65,118.05,37.65_118.05,0.0360273005458547,-0.5670021622765464,4.169956435752802,-2.066461706465572,7.752076510439143,True,False,II: high CO2 / low CH4
37.65,118.15,39.42880982657274,9758.62996036606,39.42880982657274,9758.62996036606,2.839622862105385,High,37.65,118.15,37.65_118.15,2.273763846989293,1.35729915810526,5.755828110664224,-1.095052902814459,9.186009764791468,True,False,II: high CO2 / low CH4
37.65,118.25,44.87883313496908,1554.6383463541667,44.87883313496908,1554.6383463541667,2.508816588892378,High,37.65,118.25,37.65_118.25,1.9427091616083416,1.427645708127107,8.911994862606361,1.7841020113456127,7.349641252501151,True,True,I: high CO2 / high CH4
37.65,118.35,13.072800159454346,6004.683349609375,13.072800159454346,6004.683349609375,1.929377753002781,Medium,37.65,118.35,37.65_118.35,1.5805998419828464,0.7702683513493537,12.720362467917104,4.237208374292124,8.700461524810642,True,True,I: high CO2 / high CH4
37.65,118.45,2.452166636784872,8943.735553740678,2.452166636784872,8943.735553740678,0.9599033502596522,Medium,37.65,118.45,37.65_118.45,0.8859812816652921,-0.0114251922179851,12.031050805667164,3.1847123078647828,9.09882043192176,True,True,I: high CO2 / high CH4
37.65,118.55,13.613075117270151,9146.859048354128,13.613075117270151,9146.859048354128,2.0555539656385675,Medium,37.65,118.55,37.65_118.55,1.6935393211215484,0.7912246001436878,11.675363138476596,2.4351174950402905,9.121275147104656,True,True,I: high CO2 / high CH4
37.65,118.65,0.0,0.0,0.0,0.0,-2.0890333840732795,Background,37.65,118.65,37.65_118.65,-1.7920969458615996,-0.7006445727117724,7.524307381209155,0.5190598459979673,0.0,False,True,III: low CO2 / high CH4
37.65,118.75,0.0,497.0239969889323,0.0,497.0239969889323,-0.6470204333365518,Low,37.65,118.75,37.65_118.75,-0.4345470485667278,-0.7006445727117724,12.735391251357669,5.105305618190652,6.210648262588474,False,True,III: low CO2 / high CH4
37.65,118.85,0.0,1068.401143391927,0.0,1068.401143391927,-0.4695840923910295,Low,37.65,118.85,37.65_118.85,-0.2675036899728218,-0.7006445727117724,14.552397928516388,5.897315566971447,6.974854091704192,True,True,I: high CO2 / high CH4
37.65,118.95,0.0,1305.606669108073,0.0,1305.606669108073,-0.4230696021584885,Low,37.65,118.95,37.65_118.95,-0.22371369390819,-0.7006445727117724,0.0080660353414542,-5.237585047965715,7.17518872656328,True,False,II: high CO2 / low CH4
37.65,119.05,0.0028466633132968,0.0,0.0028466633132968,0.0,-2.0868851647087845,Background,37.65,119.05,37.65_119.05,-1.7905156827149615,-0.6990633095651341,2.000304902778022,-1.9228100434531283,0.0,False,False,IV: low CO2 / low CH4
37.65,119.15,0.0006764094869139,0.0,0.0006764094869139,0.0,-2.0885223818532554,Background,37.65,119.15,37.65_119.15,-1.7917208069105557,-0.7002684337607282,8.06208547666645,3.909850093643676,0.0,False,True,III: low CO2 / high CH4
37.65,119.25,0.0021900150071208,0.0,0.0021900150071208,0.0,-2.087380159300377,Background,37.65,119.25,37.65_119.25,-1.7908800387571826,-0.6994276656073553,0.5024612266138775,-2.142399847470396,0.0,False,False,IV: low CO2 / low CH4
37.65,119.35,0.0658332662036021,0.0,0.0658332662036021,0.0,-2.040851126203713,Background,37.65,119.35,37.65_119.35,-1.7566309082910432,-0.6651785351412157,-0.7874572916210806,-5.128138795019718,0.0,False,False,IV: low CO2 / low CH4
37.65,119.45,0.0962416517237821,0.0,0.0962416517237821,0.0,-2.01959220639235,Background,37.65,119.45,37.65_119.45,-1.7409826244189937,-0.6495302512691663,0.5449278848212559,-1.6890985832203067,0.0,False,False,IV: low CO2 / low CH4
37.65,119.55,0.531375010808309,0.0,0.531375010808309,0.0,-1.7669719173753085,Low,37.65,119.55,37.65_119.55,-1.5550336660779929,-0.4635812929281654,2.5931656767825,1.2986836909984243,0.0,False,True,III: low CO2 / high CH4
37.65,119.65,1.103100021680196,0.0,1.103100021680196,0.0,-1.5272229898505096,Low,37.65,119.65,37.65_119.65,-1.3785590705097763,-0.287106697359949,1.004307339303356,0.1769712048943619,0.0,False,True,III: low CO2 / high CH4
37.65,119.75,1.8612549901008608,0.0,1.8612549901008608,0.0,-1.2945767155041614,Low,37.65,119.75,37.65_119.75,-1.207312601966231,-0.1158602288164037,-0.4262937517438544,-0.5065917897198184,0.0,False,False,IV: low CO2 / low CH4
37.65,119.85,2.312623341878256,0.0,2.312623341878256,0.0,-1.1838790320006756,Low,37.65,119.85,37.65_119.85,-1.1258301564416502,-0.0343777832918227,-1.4109713700227309,-1.414234186005371,0.0,False,False,IV: low CO2 / low CH4
37.65,119.95,0.2815194924672444,0.0,0.2815194924672444,0.0,-1.9015801232052936,Background,37.65,119.95,37.65_119.95,-1.6541161893212002,-0.5626638161713727,1.108937614633838,0.767601521620206,0.0,False,True,III: low CO2 / high CH4
37.75,117.85,10.498603185017904,1813.926386366288,10.498603185017904,1813.926386366288,1.4988632500956691,Medium,37.75,117.85,37.75_117.85,1.2066518461364502,0.6578916773702066,5.202331003887092,0.0937931944395954,7.503800187400559,True,True,I: high CO2 / high CH4
37.75,117.95,34.759836713473,2747.445000141859,34.759836713473,2747.445000141859,2.4526552045790484,High,37.75,117.95,37.75_117.95,1.928505787603505,1.289035255615282,5.1629611260402015,-0.0618406059447131,7.918790576237064,True,True,I: high CO2 / high CH4
37.75,118.05,52.1840748389562,1389.219402314474,52.1840748389562,1389.219402314474,2.5943747148288763,High,37.75,118.05,37.75_118.05,2.000326681022461,1.5098374297872732,6.301800853046522,-1.2296970267499672,7.237216857060488,True,False,II: high CO2 / low CH4
37.75,118.15,41.24967112143835,19372.310974329088,41.24967112143835,19372.310974329088,3.032110277241848,High,37.75,118.15,37.75_118.15,2.448140236494357,1.3818050243897588,10.720487403552728,2.086449150218832,9.871651674903042,True,True,I: high CO2 / high CH4
37.75,118.25,7.941589931646983,2894.4385065970323,7.941589931646983,2894.4385065970323,1.4172421135968345,Medium,37.75,118.25,37.75_118.25,1.1688421228038877,0.5179830731742209,10.845220355115224,2.544726552020011,7.970891848863751,True,True,I: high CO2 / high CH4
37.75,118.35,6.361250599225362,2003.5928632368643,6.361250599225362,2003.5928632368643,1.1848942923161667,Medium,37.75,118.35,37.75_118.35,0.9802843208504004,0.4097977363768273,10.526265875059323,3.934865262197033,7.603196258391304,True,True,I: high CO2 / high CH4
37.75,118.45,7.788819849491119,1536.0909778711696,7.788819849491119,1536.0909778711696,1.2571895219342912,Medium,37.75,118.45,37.75_118.45,1.0208385738972725,0.5083968896188571,10.875180629828083,4.621544961098644,7.337646933635344,True,True,I: high CO2 / high CH4
37.75,118.55,3.663367321093877,988.0386808880916,3.663367321093877,988.0386808880916,0.6758855607911676,Medium,37.75,118.55,37.75_118.55,0.5719299493459684,0.1558650102994894,7.004479803890406,1.4974844194154304,6.896733441968197,True,True,I: high CO2 / high CH4
37.75,118.65,4.5366112887859344,1846.4091392429543,4.5366112887859344,1846.4091392429543,0.950670652463373,Medium,37.75,118.65,37.75_118.65,0.8039835450986728,0.2513458482672582,6.085680708952305,1.082711970369726,7.521539471230258,True,True,I: high CO2 / high CH4
37.75,118.75,0.0,0.0,0.0,0.0,-2.0890333840732795,Background,37.75,118.75,37.75_118.75,-1.7920969458615996,-0.7006445727117724,4.789137355514481,-0.4838783105176477,0.0,False,False,IV: low CO2 / low CH4
37.75,118.85,0.0,3.2908666531244912,0.0,3.2908666531244912,-1.75086005306825,Low,37.75,118.85,37.75_118.85,-1.473731448145928,-0.7006445727117724,5.711465342389981,-1.2452504856703617,1.456488729582566,False,False,IV: low CO2 / low CH4
37.75,118.95,0.0,0.0,0.0,0.0,-2.0890333840732795,Background,37.75,118.95,37.75_118.95,-1.7920969458615996,-0.7006445727117724,4.100202991028672,-1.786191785659274,0.0,False,False,IV: low CO2 / low CH4
37.75,119.05,0.0013528200021634,305.6395009358724,0.0013528200021634,305.6395009358724,-0.7586023016766861,Low,37.75,119.05,37.75_119.05,-0.5398030238034963,-0.6998925484045183,3.901467369341614,0.6154707589091134,5.725672793546426,False,True,III: low CO2 / high CH4
37.75,119.15,0.0009145816535843,460.0533396402995,0.0009145816535843,460.0533396402995,-0.6642389824422597,Low,37.75,119.15,37.75_119.15,-0.4508989186656478,-0.700136051093915,-3.5899843793462,-3.903026170973445,6.133513740512325,False,False,IV: low CO2 / low CH4
37.75,119.25,0.0041189732728525,0.0,0.0041189732728525,0.0,-2.085926993802264,Background,37.75,119.25,37.75_119.25,-1.7898103914548114,-0.6983580183049841,2.212196464522372,0.11252244436363,0.0,False,True,III: low CO2 / high CH4
37.75,119.35,0.1585924997925758,0.0,0.1585924997925758,0.0,-1.9777871877177813,Background,37.75,119.35,37.75_119.35,-1.7102107505279076,-0.6187583773780803,1.3468571713096178,-1.3023073780433947,0.0,False,False,IV: low CO2 / low CH4
37.75,119.45,0.0980634006361166,0.0,0.0980634006361166,0.0,-2.0183373860599625,Background,37.75,119.45,37.75_119.45,-1.7400589751958038,-0.6486066020459764,3.330761135950416,0.4448173279661535,0.0,False,True,III: low CO2 / high CH4
37.75,119.55,0.1216021652022997,0.0,0.1216021652022997,0.0,-2.0023085372427385,Background,37.75,119.55,37.75_119.55,-1.7282604464530589,-0.6368080733032312,0.7464692342419477,-0.4603797548633985,0.0,False,False,IV: low CO2 / low CH4
37.75,119.65,0.1162845008075236,0.0,0.1162845008075236,0.0,-2.0059000183417948,Background,37.75,119.65,37.75_119.65,-1.7309040669313245,-0.6394516937814971,-0.5722887206708202,-0.9818926090289036,0.0,False,False,IV: low CO2 / low CH4
37.75,119.75,0.3934249977270762,0.0,0.3934249977270762,0.0,-1.8383126978616469,Background,37.75,119.75,37.75_119.75,-1.6075462487778478,-0.5160938756280203,-0.6674354785830675,-1.252938907704109,0.0,False,False,IV: low CO2 / low CH4
37.75,119.85,1.8700466752052307,0.0,1.8700466752052307,0.0,-1.292258204675966,Low,37.75,119.85,37.75_119.85,-1.2056059905333856,-0.1141536173835581,-1.0733821466134092,-1.2471717281312913,0.0,False,False,IV: low CO2 / low CH4
37.75,119.95,2.666088382403056,0.0,2.666088382403056,0.0,-1.1072606597367043,Low,37.75,119.95,37.75_119.95,-1.069432839473545,0.0220195336762822,2.865323105834156,3.0865763227837517,0.0,False,True,III: low CO2 / high CH4
37.85,117.85,43.29080073038737,1684.953348795573,43.29080073038737,1684.953348795573,2.5008730942231363,High,37.85,117.85,37.85_117.85,1.9406975805298765,1.4080500697975216,6.205902278055791,1.2977842083182716,7.430086468425471,True,True,I: high CO2 / high CH4
37.85,117.95,41.85511589050293,2137.401672363281,41.85511589050293,2137.401672363281,2.5311671978260204,High,37.85,117.95,37.85_117.95,1.974330879444362,1.3897198859441862,7.744116080995738,0.3198542493620293,7.667813946887292,True,True,I: high CO2 / high CH4
37.85,118.05,0.0,0.0,0.0,0.0,-2.0890333840732795,Background,37.85,118.05,37.85_118.05,-1.7920969458615996,-0.7006445727117724,13.274147812239068,3.811077216405887,0.0,False,True,III: low CO2 / high CH4
37.85,118.15,0.0,5521.373372395833,0.0,5521.373372395833,-0.0884056042313746,Medium,37.85,118.15,37.85_118.15,0.0913480229662179,-0.7006445727117724,10.67627518248429,2.2561272815835265,8.616563005632717,True,True,I: high CO2 / high CH4
37.85,118.25,0.0,659.1148274739584,0.0,659.1148274739584,-0.5815989929087374,Low,37.85,118.25,37.85_118.25,-0.3729575394792489,-0.7006445727117724,17.906168736623,6.98407561219731,6.492413800908678,False,True,III: low CO2 / high CH4
37.85,118.35,0.0,3849.191609700521,0.0,3849.191609700521,-0.1721508344181284,Medium,37.85,118.35,37.85_118.35,0.0125080038243098,-0.7006445727117724,11.856220352863303,4.956281053205194,8.25587819479679,True,True,I: high CO2 / high CH4
37.85,118.45,0.0,2114.55165608724,0.0,2114.55165608724,-0.3111842903824438,Medium,37.85,118.45,37.85_118.45,-0.1183818427394656,-0.7006445727117724,7.647813738555345,2.6122381484784936,7.657070887771365,True,True,I: high CO2 / high CH4
37.85,118.55,2.06668983399868,24372.71195696248,2.06668983399868,24372.71195696248,1.103174314719869,Medium,37.85,118.55,37.85_118.55,1.0392347090174527,-0.0772893655296081,7.308859239479813,1.4246077390052374,10.101260451678536,True,True,I: high CO2 / high CH4
37.85,118.65,86.30808178583781,1985.6453247070312,86.30808178583781,1985.6453247070312,3.051858598226376,High,37.85,118.65,37.85_118.65,2.354092209273209,1.78557146874105,8.898472070422876,3.6858348267203977,7.594202728736452,True,True,I: high CO2 / high CH4
37.85,118.75,3.959178825219472,2501.309193717316,3.959178825219472,2501.309193717316,0.9378855089389893,Medium,37.85,118.75,37.85_118.75,0.8090395949167781,0.1900769246042109,6.098334628375973,2.038000867617423,7.824969262015674,True,True,I: high CO2 / high CH4
37.85,118.85,0.0,4040.251668294271,0.0,4040.251668294271,-0.1609058056979821,Medium,37.85,118.85,37.85_118.85,0.0230943772520333,-0.7006445727117724,6.322768739069264,0.4924394387354825,8.304309741855956,True,True,I: high CO2 / high CH4
37.85,118.95,0.0028466633132968,164.7491683959961,0.0028466633132968,164.7491683959961,-0.9003146643181578,Low,37.85,118.95,37.85_118.95,-0.6734462000064712,-0.6990633095651341,7.844376286080734,2.207004413076328,5.11047561183466,False,True,III: low CO2 / high CH4
37.85,119.05,0.0,2263.318339029948,0.0,2263.318339029948,-0.2954054973501223,Medium,37.85,119.05,37.85_119.05,-0.103527261267419,-0.7006445727117724,10.943116825126443,7.882773096477836,7.725029038550707,True,True,I: high CO2 / high CH4
37.85,119.15,0.6752309997876486,0.0,0.6752309997876486,0.0,-1.69911972429591,Low,37.85,119.15,37.85_119.15,-1.5050889657795323,-0.413636592629705,-13.605774168311267,-17.235993655160414,0.0,False,False,IV: low CO2 / low CH4
37.85,119.25,0.1536179979642232,0.0,0.1536179979642232,0.0,-1.9810389053638016,Background,37.85,119.25,37.85_119.25,-1.71260427763315,-0.6211519044833228,9.323169909025507,6.515633333430817,0.0,False,True,III: low CO2 / high CH4
37.85,119.35,0.0770460677643616,0.0,0.0770460677643616,0.0,-2.0329423312686274,Background,37.85,119.35,37.85_119.35,-1.7508093957528614,-0.659357022603034,1.9153345208418548,-2.025314804172947,0.0,False,False,IV: low CO2 / low CH4
37.85,119.45,0.0925906673073768,0.0,0.0925906673073768,0.0,-2.022113293322348,Background,37.85,119.45,37.85_119.45,-1.7428383482420653,-0.6513859750922378,1.7788286203925194,-0.2446521100890504,0.0,False,False,IV: low CO2 / low CH4
37.85,119.55,0.1019849168757597,0.0,0.1019849168757597,0.0,-2.0156432954984007,Background,37.85,119.55,37.85_119.55,-1.7380759067116849,-0.6466235335618574,-0.7940057914722441,-0.9598591849920046,0.0,False,False,IV: low CO2 / low CH4
37.85,119.65,3041.293960571289,27916.599934895832,3041.293960571289,27916.599934895832,6.34897495740811,High,37.85,119.65,37.85_119.65,4.907040532544049,3.76084317834036,-0.4044299061390016,-0.3389163760298279,10.237012590964149,True,False,II: high CO2 / low CH4
37.85,119.75,0.352781668305397,0.0,0.352781668305397,0.0,-1.8606833015111888,Background,37.85,119.75,37.85_119.75,-1.6240128218400425,-0.5325604486902149,-2.629761745781028,-1.1569648192439157,0.0,False,False,IV: low CO2 / low CH4
37.85,119.85,0.6902673244476318,0.0,0.6902673244476318,0.0,-1.692366904865788,Low,37.85,119.85,37.85_119.85,-1.5001183446794537,-0.4086659715296264,-1.2097080583323532,0.1033962495249077,0.0,False,True,III: low CO2 / high CH4
37.85,119.95,4.336878299713135,0.0,4.336878299713135,0.0,-0.8234766235687012,Low,37.85,119.95,37.85_119.95,-0.8605448434833051,0.2309075296665222,-0.8962880243732848,1.7769527928934268,0.0,False,True,III: low CO2 / high CH4
37.95,117.85,73.0486896832784,568.338991800944,73.0486896832784,568.338991800944,2.6372100349606136,High,37.95,117.85,37.95_117.85,1.9892927731467716,1.693942607955344,9.42928886470424,3.148519649220392,6.344476024391456,False,True,III: low CO2 / high CH4
37.95,117.95,0.0,2865.8233235677085,0.0,2865.8233235677085,-0.2406261479895679,Medium,37.95,117.95,37.95_117.95,-0.0519565038339945,-0.7006445727117724,6.946145435820801,-0.5919331034018916,7.960959839836533,True,False,II: high CO2 / low CH4
37.95,118.05,0.0,0.0,0.0,0.0,-2.0890333840732795,Background,37.95,118.05,37.95_118.05,-1.7920969458615996,-0.7006445727117724,7.5185459563781025,-0.2879014300691303,0.0,False,False,IV: low CO2 / low CH4
37.95,118.15,0.0,2359.179992675781,0.0,2359.179992675781,-0.2857781924056014,Medium,37.95,118.15,37.95_118.15,-0.0944638566482142,-0.7006445727117724,2.7194267971697457,-3.924960711105677,7.766493163194351,True,False,II: high CO2 / low CH4
37.95,118.25,0.0,562.5393320719401,0.0,562.5393320719401,-0.6183250796856901,Low,37.95,118.25,37.95_118.25,-0.4075324684399232,-0.7006445727117724,20.356225237124956,12.933163938318556,6.334237130639232,False,True,III: low CO2 / high CH4
37.95,118.35,0.0,215.808832804362,0.0,215.808832804362,-0.8401121086538298,Low,37.95,118.35,37.95_118.35,-0.6163287613187124,-0.7006445727117724,18.07736788379069,10.537177384721137,5.379016010453107,False,True,III: low CO2 / high CH4
37.95,118.45,0.0,11540.61328125,0.0,11540.61328125,0.0827491143299713,Medium,37.95,118.45,37.95_118.45,0.2524776927696543,-0.7006445727117724,9.829048338605052,3.5563991122622576,9.353714329359567,True,True,I: high CO2 / high CH4
37.95,118.55,0.2724100531389316,1012.2367289329026,0.2724100531389316,1012.2367289329026,-0.3000479709238653,Medium,37.95,118.55,37.95_118.55,-0.1452835777131575,-0.5666320753618476,4.599041006233927,-1.151233976550854,6.920905167897752,True,False,II: high CO2 / low CH4
37.95,118.65,0.0,962.957489013672,0.0,962.957489013672,-0.4936863894369019,Low,37.95,118.65,37.95_118.65,-0.2901942426911438,-0.7006445727117724,10.7500129552685,3.970281433719933,6.871047195104642,True,True,I: high CO2 / high CH4
37.95,118.75,1.6916916767756145,646.0957939118767,1.6916916767756145,646.0957939118767,0.1620655152560962,Medium,37.95,118.75,37.95_118.75,0.17348994604967,-0.1498430072115919,2.120466586109342,-2.0076071784521354,6.4724943421377175,False,False,IV: low CO2 / low CH4
37.95,118.85,3.530917445818583,17685.036993183196,3.530917445818583,17685.036993183196,1.32368228634306,Medium,37.95,118.85,37.95_118.85,1.1862546289901048,0.1398370188709058,12.809296565436508,8.50944955936953,9.780530736798267,True,True,I: high CO2 / high CH4
37.95,118.95,0.0,831.697998046875,0.0,831.697998046875,-0.5276725883294644,Low,37.95,118.95,37.95_118.95,-0.3221897672753503,-0.7006445727117724,3.2091944493451616,-0.6713262204410608,6.724671029067964,True,False,II: high CO2 / low CH4
37.95,119.05,0.0024181917154539,237.30250040690103,0.0024181917154539,237.30250040690103,-0.8163396845416807,Low,37.95,119.05,37.95_119.05,-0.5943235711158505,-0.6993010295845751,-3.708603128144587,-1.9363982083565323,5.473540876734924,False,False,IV: low CO2 / low CH4
37.95,119.15,0.0943359658122062,0.0,0.0943359658122062,0.0,-2.0209070760951864,Background,37.95,119.15,37.95_119.15,-1.741950474834128,-0.6504981016843008,-23.535664818297032,-27.32700923841153,0.0,False,False,IV: low CO2 / low CH4
37.95,119.25,0.0714187510311603,0.0,0.0714187510311603,0.0,-2.036901135613681,Background,37.95,119.25,37.95_119.25,-1.7537233958401184,-0.6622710226902911,2.1848602001088278,0.5872743739668976,0.0,False,True,III: low CO2 / high CH4
37.95,119.35,0.1889773358901341,0.0,0.1889773358901341,0.0,-1.9582234170925137,Background,37.95,119.35,37.95_119.35,-1.6958102335181853,-0.6043578603683579,-0.0773190545749416,-1.5375617131721016,0.0,False,False,IV: low CO2 / low CH4
37.95,119.45,2331.6441599528,21180.850260416668,2331.6441599528,21180.850260416668,6.084140177308093,High,37.95,119.45,37.95_119.45,4.698936202317215,3.613092717580488,-0.1857339762829062,0.1013012166573127,9.960899974188592,True,True,I: high CO2 / high CH4
37.95,119.55,0.4093423386414845,0.0,0.4093423386414845,0.0,-1.829728927885167,Background,37.95,119.55,37.95_119.55,-1.6012279000340637,-0.5097755268842362,-0.0351493191817163,-0.2426461585419538,0.0,False,False,IV: low CO2 / low CH4
37.95,119.65,5644.450129191081,53735.61669921875,5644.450129191081,53735.61669921875,6.968231537635747,High,37.95,119.65,37.95_119.65,5.394084830939548,4.104750349059194,-3.2630222697109184,-1.9023736226919383,10.8918499233439,True,False,II: high CO2 / low CH4
37.95,119.75,0.3107295036315918,0.0,0.3107295036315918,0.0,-1.884548214453559,Background,37.95,119.75,37.95_119.75,-1.6415793273642003,-0.5501269542143731,-2.2756113608541626,-0.2987867522219974,0.0,False,False,IV: low CO2 / low CH4
37.95,119.85,0.774587998787562,0.0,0.774587998787562,0.0,-1.6555773396736155,Low,37.95,119.85,37.95_119.85,-1.473038250076121,-0.3815858769262935,-1.7709376652481417,0.490849629020317,0.0,False,True,III: low CO2 / high CH4
37.95,119.95,0.5710651775201162,0.0,0.5710651775201162,0.0,-1.747634737731229,Low,37.95,119.95,37.95_119.95,-1.5407999383514488,-0.4493475652016214,-1.0955025947440922,-0.2990597350624406,0.0,False,False,IV: low CO2 / low CH4
38.05,117.85,0.0,2840.481689453125,0.0,2840.481689453125,-0.2426876915750867,Medium,38.05,117.85,38.05_117.85,-0.0538972965857934,-0.7006445727117724,6.9276247677124285,-0.6137349588384963,7.95208091674426,True,False,II: high CO2 / low CH4
38.05,117.95,0.0,11501.904947916666,0.0,11501.904947916666,0.0819691055878216,Medium,38.05,117.95,38.05_117.95,0.2517433714951794,-0.7006445727117724,7.690199080302738,1.0648919250237048,9.350354886618948,True,True,I: high CO2 / high CH4
38.05,118.05,0.188070332010587,2607.221638997396,0.188070332010587,2607.221638997396,-0.1323426246197317,Medium,38.05,118.05,38.05_118.05,0.0232416329105223,-0.6047823691986923,5.096782093651173,-1.3162177474775971,7.866423903713727,True,False,II: high CO2 / low CH4
38.05,118.15,0.0,0.0,0.0,0.0,-2.0890333840732795,Background,38.05,118.15,38.05_118.15,-1.7920969458615996,-0.7006445727117724,-6.457320931108344,-11.732552331002742,0.0,False,False,IV: low CO2 / low CH4
38.05,118.25,0.0001990513313406,0.0514197995265324,0.0001990513313406,0.0514197995265324,-2.077240933675946,Background,38.05,118.25,38.05_118.25,-1.7810261013702935,-0.7005338574924117,5.9985760247904105,1.5580988499781756,0.0501414408090566,False,True,III: low CO2 / high CH4
38.05,118.35,0.0008032146530846,43.96395047505697,0.0008032146530846,43.96395047505697,-1.2047667033693608,Low,38.05,118.35,38.05_118.35,-0.9597490310441488,-0.7001979480264026,5.676751391273465,2.345091685350589,3.805861068163506,False,True,III: low CO2 / high CH4
38.05,118.45,0.0001921923321787,510.5989990234375,0.0001921923321787,510.5989990234375,-0.6406311153073657,Low,38.05,118.45,38.05_118.45,-0.4285617944656302,-0.7005376722000475,2.4606159030816195,-1.9907147649616537,6.237541113141861,False,False,IV: low CO2 / low CH4
38.05,118.55,0.0025175133487209,57.281649907430015,0.0025175133487209,57.281649907430015,-1.143238714121532,Low,38.05,118.55,38.05_118.55,-0.9020905124566628,-0.6992459159748483,5.306920331422852,4.242668307840977,4.065287290937094,False,True,III: low CO2 / high CH4
38.05,118.65,0.0028805116889997,1139.3925069173176,0.0028805116889997,1139.3925069173176,-0.4524870448178492,Low,38.05,118.65,38.05_118.65,-0.2518544343532186,-0.6990445345010553,14.371174733666836,13.515316435070632,7.039127786442849,True,True,I: high CO2 / high CH4
38.05,118.75,0.0035230766516178,0.0,0.0035230766516178,0.0,-2.086375609621619,Background,38.05,118.75,38.05_118.75,-1.7901406089707086,-0.6986882358208812,12.1934530720652,8.231242820778736,0.0,False,True,III: low CO2 / high CH4
38.05,118.85,2.3052936643362045,77097.92783310823,2.3052936643362045,77097.92783310823,1.4271770856087824,Medium,38.05,118.85,38.05_118.85,1.332632266895649,-0.035609977558599,11.441025234629684,10.020121971159742,11.252844653269362,True,True,I: high CO2 / high CH4
38.05,118.95,22.7784355233113,10735.634538291257,22.7784355233113,10735.634538291257,2.4606671617370406,High,38.05,118.95,38.05_118.95,1.9993706427816087,1.0620514433401904,6.160738974383207,5.248896790434599,9.281416961255072,True,True,I: high CO2 / high CH4
38.05,119.05,6.397191683451335,0.0,6.397191683451335,0.0,-0.5767651827955731,Low,38.05,119.05,38.05_119.05,-0.6789452752100067,0.4125070979398207,-37.35049839160215,-29.326494712544164,0.0,False,False,IV: low CO2 / low CH4
38.05,119.15,3.422805031140645,0.0,3.422805031140645,0.0,-0.965450983699112,Low,38.05,119.15,38.05_119.15,-0.965049451882352,0.1264029212674752,-0.206795432025524,-0.673013779571761,0.0,False,False,IV: low CO2 / low CH4
38.05,119.25,2.4442099730173745,0.0,2.4442099730173745,0.0,-1.1544406858936187,Low,38.05,119.25,38.05_119.25,-1.1041611534681013,-0.012708780318274,1.11486813529902,0.9011091161278626,0.0,False,True,III: low CO2 / high CH4
38.05,119.35,2.92999005317688,0.0,2.92999005317688,0.0,-1.0547294439074424,Low,38.05,119.35,38.05_119.35,-1.030765617209467,0.0606867559403602,0.4921189051739411,1.3905593572298969,0.0,False,True,III: low CO2 / high CH4
38.05,119.45,2.868634978930156,0.0,2.868634978930156,0.0,-1.0666207987484344,Low,38.05,119.45,38.05_119.45,-1.03951861584845,0.0519337573013773,0.5851883526294333,0.4489067011902496,0.0,False,True,III: low CO2 / high CH4
38.05,119.55,3.191624959309896,0.0,3.191624959309896,0.0,-1.0060222040279354,Low,38.05,119.55,38.05_119.55,-0.9949131504321506,0.0965392227176767,-1.4362180005115182,-1.226666675881388,0.0,False,False,IV: low CO2 / low CH4
38.05,119.65,2.947553396224976,0.0,2.947553396224976,0.0,-1.051359621389972,Low,38.05,119.65,38.05_119.65,-1.0282851553694623,0.0631672177803649,-3.219780851456259,-1.707428407517945,0.0,False,False,IV: low CO2 / low CH4
38.05,119.75,3466.690943400065,29653.824625651043,3466.690943400065,29653.824625651043,6.461897557804492,High,38.05,119.75,38.05_119.75,4.993038904092139,3.833646160873916,-2.9798216664727937,-1.6070481813790864,10.297380110434773,True,False,II: high CO2 / low CH4
38.05,119.85,2.990833361943563,0.0,2.990833361943563,0.0,-1.0431192100938922,Low,38.05,119.85,38.05_119.85,-1.022219546376734,0.0692328267730932,-0.3901899649028679,0.6806826464664607,0.0,False,True,III: low CO2 / high CH4
38.05,119.95,3.0697399775187173,0.0,3.0697399775187173,0.0,-1.0283229728176022,Low,38.05,119.95,38.05_119.95,-1.011328319390976,0.0801240537588513,-0.779868737077276,0.9104974772298308,0.0,False,True,III: low CO2 / high CH4
38.15,117.85,0.0,0.2570991665124892,0.0,0.2570991665124892,-2.0359081094321576,Background,38.15,117.85,38.15_117.85,-1.742083378995941,-0.7006445727117724,-3.0622737421300568,-7.054672763064673,0.2288068179143964,False,False,IV: low CO2 / low CH4
38.15,117.95,0.0,0.0,0.0,0.0,-2.0890333840732795,Background,38.15,117.95,38.15_117.95,-1.7920969458615996,-0.7006445727117724,-4.092003845547624,-6.9247001535367065,0.0,False,False,IV: low CO2 / low CH4
38.15,118.05,0.1724570021033286,0.0,0.1724570021033286,0.0,-1.9687974330275264,Background,38.15,118.05,38.15_118.05,-1.7035935642088735,-0.6121411910590461,3.588643543255137,-0.0218988847416291,0.0,False,True,III: low CO2 / high CH4
38.15,118.15,0.0023130900226533,0.0,0.0023130900226533,0.0,-2.087287358205948,Background,38.15,118.15,38.15_118.15,-1.7908117296482462,-0.6993593564984188,-8.18194568153147,-9.465687365894306,0.0,False,False,IV: low CO2 / low CH4
38.15,118.25,0.0001990513313406,0.0,0.0001990513313406,0.0,-2.088882972309949,Background,38.15,118.25,38.15_118.25,-1.7919862306422392,-0.7005338574924117,-12.88720638000549,-14.124516539304071,0.0,False,False,IV: low CO2 / low CH4
38.15,118.35,0.0008032146530846,0.0,0.0008032146530846,0.0,-2.088426623712227,Background,38.15,118.35,38.15_118.35,-1.7916503211762298,-0.7001979480264026,-5.33628607299199,-6.031494843299759,0.0,False,False,IV: low CO2 / low CH4
38.15,118.45,0.0001921923321787,0.0,0.0001921923321787,0.0,-2.088888154767297,Background,38.15,118.45,38.15_118.45,-1.7919900453498747,-0.7005376722000475,-12.169904975580764,-16.06517417332235,0.0,False,False,IV: low CO2 / low CH4
38.15,118.55,0.0029500516830011,0.0,0.0029500516830011,0.0,-2.086807258027691,Background,38.15,118.55,38.15_118.55,-1.7904583370985288,-0.6990059639487013,-17.308661101645672,-17.272590077265754,0.0,False,False,IV: low CO2 / low CH4
38.15,118.65,0.0054715200482556,0.0,0.0054715200482556,0.0,-2.084909727348971,Background,38.15,118.65,38.15_118.65,-1.789061601094065,-0.6976092279442376,2.7820731242163674,5.4072926509005,0.0,False,True,III: low CO2 / high CH4
38.15,118.75,0.0002758084980692,0.0,0.0002758084980692,0.0,-2.088824979284059,Background,38.15,118.75,38.15_118.75,-1.7919435430861554,-0.7004911699363281,0.6130691703872375,0.8603986808369842,0.0,False,True,III: low CO2 / high CH4
38.15,118.85,0.0504447494943936,2893.068359375,0.0504447494943936,2893.068359375,-0.2012383400530176,Medium,38.15,118.85,38.15_118.85,-0.022512920419756,-0.6732685095590903,3.541502771039395,8.334827825405668,7.97041852798191,True,True,I: high CO2 / high CH4
38.15,118.95,10.69248342514038,141.5586675008138,10.69248342514038,141.5586675008138,0.9208125091959276,Medium,38.15,118.95,38.15_118.95,0.659864511996912,0.6671928568104528,-12.364967771051322,-9.493436356748637,4.959753616742886,False,False,IV: low CO2 / low CH4
38.15,119.05,38.6915340423584,0.0,38.6915340423584,0.0,0.6928698845936956,Medium,38.15,119.05,38.15_119.05,0.2556087907871009,1.3470611639369283,-13.54953405371066,-15.064612696158852,0.0,False,False,IV: low CO2 / low CH4
38.15,119.15,57.10368347167969,0.0,57.10368347167969,0.0,0.980867434053372,Medium,38.15,119.15,38.15_119.15,0.4675982732438128,1.5590506463936402,-1.5825886872659944,-3.448262632209859,0.0,False,False,IV: low CO2 / low CH4
38.15,119.25,2.3185766140619912,0.0,2.3185766140619912,0.0,-1.182522113813692,Low,38.15,119.25,38.15_119.25,-1.1248313549423514,-0.0333789817925241,1.0755215787234675,0.0520298762953793,0.0,False,True,III: low CO2 / high CH4
38.15,119.35,0.7432668308417002,0.0,0.7432668308417002,0.0,-1.6690347483831218,Low,38.15,119.35,38.15_119.35,-1.4829439909856843,-0.3914916178358568,-0.4114187710764126,1.1352272446375908,0.0,False,True,III: low CO2 / high CH4
38.15,119.45,4777.955495198567,42637.06640625,4777.955495198567,42637.06640625,6.788592651356324,High,38.15,119.45,38.15_119.45,5.250825895514697,4.012060270742298,-1.2410063746040194,-1.6632579802855123,10.660502710866163,True,False,II: high CO2 / low CH4
38.15,119.55,6440.126881917317,57611.016276041664,6440.126881917317,57611.016276041664,7.084044177534953,High,38.15,119.55,38.15_119.55,5.482652433245223,4.178096505363657,-2.8378065827442347,-1.768304923368163,10.961486440830212,True,False,II: high CO2 / low CH4
38.15,119.65,0.3239094962676366,0.0,0.3239094962676366,0.0,-1.8769870687721428,Background,38.15,119.65,38.15_119.65,-1.6360137127859151,-0.5445613396360878,-4.132302794255242,-1.3999727107201745,0.0,False,False,IV: low CO2 / low CH4
38.15,119.75,0.3232030024131139,0.0,0.3232030024131139,0.0,-1.877390459518739,Background,38.15,119.75,38.15_119.75,-1.6363106409915862,-0.5448582678417588,-2.858526894212247,-0.4054004867341576,0.0,False,False,IV: low CO2 / low CH4
38.15,119.85,0.5201968302329382,0.0,0.5201968302329382,0.0,-1.772508469542886,Low,38.15,119.85,38.15_119.85,-1.5591090161314964,-0.4676566429816691,-2.8614890291123523,0.2515857775941067,0.0,False,True,III: low CO2 / high CH4
38.15,119.95,0.846963514884313,0.0,0.846963514884313,0.0,-1.625367754254005,Low,38.15,119.95,38.15_119.95,-1.4508015526099445,-0.3593491794601169,-2.933334572763893,-0.4514495838895029,0.0,False,False,IV: low CO2 / low CH4
38.25,117.85,0.6846218357483546,30924.533203125,0.6846218357483546,30924.533203125,0.7057331551113628,Medium,38.25,117.85,38.25_117.85,0.7580369335621859,-0.4105270208689466,0.8445336823903294,-1.3768048910017774,10.339337438926924,True,False,II: high CO2 / low CH4
38.25,117.95,0.0001524284986468,0.0,0.0001524284986468,0.0,-2.088918199846685,Background,38.25,117.95,38.25_117.95,-1.7920121609576007,-0.7005597878077735,-10.364764585164547,-11.693640746386489,0.0,False,False,IV: low CO2 / low CH4
38.25,118.05,0.0161497332155704,0.0,0.0161497332155704,0.0,-2.076926237780897,Background,38.25,118.05,38.25_118.05,-1.7831851072665663,-0.691732734116739,-4.571882632703989,-7.239175868302063,0.0,False,False,IV: low CO2 / low CH4
38.25,118.15,0.1165989997486273,0.0,0.1165989997486273,0.0,-2.0056871343243827,Background,38.25,118.15,38.25_118.15,-1.7307473670817628,-0.6392949939319356,-20.10458151306773,-24.64120223948912,0.0,False,False,IV: low CO2 / low CH4
38.25,118.25,0.0924177169799804,0.0,0.0924177169799804,0.0,-2.0222329283111087,Background,38.25,118.25,38.25_118.25,-1.7429264092668857,-0.6514740361170583,3.986593061643084,2.077414027147006,0.0,False,True,III: low CO2 / high CH4
38.25,118.35,0.0094750349720318,0.0,0.0094750349720318,0.0,-2.081906636825708,Background,38.25,118.35,38.25_118.35,-1.7868510836539282,-0.6953987105041008,3.66700914149288,-0.9602062942037632,0.0,False,False,IV: low CO2 / low CH4
38.25,118.45,0.0269631166011094,0.0,0.0269631166011094,0.0,-2.06892673060163,Background,38.25,118.45,38.25_118.45,-1.777296823182125,-0.6858444500322975,8.230222797066196,3.685577669947357,0.0,False,True,III: low CO2 / high CH4
38.25,118.55,0.171604665617148,0.0,0.171604665617148,0.0,-1.9693470143914005,Background,38.25,118.55,38.25_118.55,-1.7039981005291096,-0.6125457273792823,1.3475282199222616,-4.645492792540027,0.0,False,False,IV: low CO2 / low CH4
38.25,118.65,0.0800577004750569,0.0,0.0800577004750569,0.0,-2.030832143109424,Background,38.25,118.65,38.25_118.65,-1.7492561266483322,-0.6578037534985047,-0.7038227740385871,-1.486835582278789,0.0,False,False,IV: low CO2 / low CH4
38.25,118.75,2529.227007548014,23028.60660807292,2529.227007548014,23028.60660807292,6.165003962004204,High,38.25,118.75,38.25_118.75,4.762446086804761,3.658321103492763,-1.2702021387864897,-3.1589347670332777,10.044535910952506,True,False,II: high CO2 / low CH4
38.25,118.85,0.1304673328995704,0.0,0.1304673328995704,0.0,-1.9963588060958743,Background,38.25,118.85,38.25_118.85,-1.7238809632631955,-0.6324285901133683,-0.0248611303829305,-0.1302384476127171,0.0,False,False,IV: low CO2 / low CH4
38.25,118.95,0.1238153353333472,0.0,0.1238153353333472,0.0,-2.0008188065370907,Background,38.25,118.95,38.25_118.95,-1.7271638842014605,-0.6357115110516333,6.363587581251265,3.910527585196229,0.0,False,True,III: low CO2 / high CH4
38.25,119.05,0.9594483276208242,0.0,0.9594483276208242,0.0,-1.5806896729420352,Low,38.25,119.05,38.25_119.05,-1.4179148723161263,-0.326462499166299,3.5087417848579108,0.9672016591129734,0.0,False,True,III: low CO2 / high CH4
38.25,119.15,4639.35184987386,42420.067057291664,4639.35184987386,42420.067057291664,6.765165812280799,High,38.25,119.15,38.25_119.15,5.2333385785622175,3.995688242438622,2.021757835212404,-1.4279078370523386,10.655400382382492,True,False,II: high CO2 / low CH4
38.25,119.25,7522.080535888672,66090.666015625,7522.080535888672,66090.666015625,7.233267742439228,High,38.25,119.25,38.25_119.25,5.599039790673404,4.2644697324029694,2.5521465348095407,1.0159548380689196,11.098797936432824,True,True,I: high CO2 / high CH4
38.25,119.35,1.4024616479873655,0.0,1.4024616479873655,0.0,-1.4266509099526912,Low,38.25,119.35,38.25_119.35,-1.3045298879450866,-0.2130775147952593,1.382127405453801,0.5433219142906626,0.0,False,True,III: low CO2 / high CH4
38.25,119.45,1.1883283257484436,0.0,1.1883283257484436,0.0,-1.4972017225688128,Low,38.25,119.45,38.25_119.45,-1.3564609904195757,-0.265008617269748,-0.3684218983103003,-0.3804913014279615,0.0,False,False,IV: low CO2 / low CH4
38.25,119.55,5149.926513671875,46091.516276041664,5149.926513671875,46091.516276041664,6.863325078267389,High,38.25,119.55,38.25_119.55,5.309549277534978,4.05375524710975,-2.26024350546961,-2.280987226341184,10.738405879061403,True,False,II: high CO2 / low CH4
38.25,119.65,1.065599501132965,0.0,1.065599501132965,0.0,-1.540819841227412,Low,38.25,119.65,38.25_119.65,-1.388567452497186,-0.2971150793473587,-3.7109722588609655,-2.025879342498811,0.0,False,False,IV: low CO2 / low CH4
38.25,119.75,1.3015700181325276,0.0,1.3015700181325276,0.0,-1.4590730322591765,Low,38.25,119.75,38.25_119.75,-1.3283951914547691,-0.2369428183049418,-3.7772433327658304,0.905063247948469,0.0,False,True,III: low CO2 / high CH4
38.25,119.85,1.8924916783968608,0.0,1.8924916783968608,0.0,-1.2863711513422718,Low,38.25,119.85,38.25_119.85,-1.201272643281833,-0.1098202701320056,-1.103116348885386,-0.4157609353283574,0.0,False,False,IV: low CO2 / low CH4
38.25,119.95,1.8730649749437969,0.0,1.8730649749437969,0.0,-1.2914638671530112,Low,38.25,119.95,38.25_119.95,-1.2050212938902958,-0.1135689207404683,-1.9579922800793188,-0.7413953653422899,0.0,False,False,IV: low CO2 / low CH4
38.35,117.85,5.673713460564613,2955.316650390625,5.673713460564613,2955.316650390625,1.200997750932209,Medium,38.35,117.85,38.35_117.85,1.0106608513631596,0.3552535992885,2.7427528270538537,-0.3109605428985939,7.991699397572776,True,False,II: high CO2 / low CH4
38.35,117.95,1.4948633313179016,0.0,1.4948633313179016,0.0,-1.3981300619756007,Low,38.35,117.95,38.35_117.95,-1.283536237779544,-0.1920838646297168,-0.0489322863128336,-6.417587905774212,0.0,False,False,IV: low CO2 / low CH4
38.35,118.05,0.4878633320331573,0.0,0.4878633320331573,0.0,-1.7887554565976158,Low,38.35,118.05,38.35_118.05,-1.5710681122546226,-0.4796157391047953,-4.376235479868882,-3.2229388309146025,0.0,False,False,IV: low CO2 / low CH4
38.35,118.15,5.213138262430827,0.0,5.213138262430827,0.0,-0.7085883755591346,Low,38.35,118.15,38.35_118.15,-0.7759778036539733,0.315474569495854,2.235600159628272,0.2702198227178201,0.0,False,True,III: low CO2 / high CH4
38.35,118.25,2.833823323249817,0.0,2.833823323249817,0.0,-1.0734518605103205,Low,38.35,118.25,38.35_118.25,-1.0445468296309943,0.046905543518833,-0.6787790083106926,-4.518054563862789,0.0,False,False,IV: low CO2 / low CH4
38.35,118.35,2.20693838596344,0.0,2.20693838596344,0.0,-1.2083822286737242,Low,38.35,118.35,38.35_118.35,-1.143866490400047,-0.0524141172502197,2.866863446696718,-0.2987632826233153,0.0,False,False,IV: low CO2 / low CH4
38.35,118.45,1.664668341477712,0.0,1.664668341477712,0.0,-1.3483693000492782,Low,38.35,118.45,38.35_118.45,-1.2469082935932008,-0.1554559204433733,6.571553928828763,3.233712334211239,0.0,False,True,III: low CO2 / high CH4
38.35,118.55,0.6575675010681152,0.0,0.6575675010681152,0.0,-1.7071302620533806,Low,38.35,118.55,38.35_118.55,-1.5109853692614097,-0.4195329961115823,1.356185928164355,-0.4732791173727717,0.0,False,False,IV: low CO2 / low CH4
38.35,118.65,0.4117581695318222,0.0,0.4117581695318222,0.0,-1.828434618773142,Low,38.35,118.65,38.35_118.65,-1.6002751838761935,-0.5088228107263663,1.5735826481347883,-1.0742409752530413,0.0,False,False,IV: low CO2 / low CH4
38.35,118.75,0.3000546644131342,0.0,0.3000546644131342,0.0,-1.8907281326130887,Background,38.35,118.75,38.35_118.75,-1.6461282468071663,-0.5546758736573388,-0.2573938871835846,-3.1376106616639112,0.0,False,False,IV: low CO2 / low CH4
38.35,118.85,0.4031833360592524,0.0,0.4031833360592524,0.0,-1.8330387489545503,Background,38.35,118.85,38.35_118.85,-1.6036641959568565,-0.5122118228070289,4.053498151260642,1.9839573056754432,0.0,False,True,III: low CO2 / high CH4
38.35,118.95,2.812614997227987,0.0,2.812614997227987,0.0,-1.0776440243391223,Low,38.35,118.95,38.35_118.95,-1.0476326011665813,0.0438197719832459,5.910525827365394,3.789604521809345,0.0,False,True,III: low CO2 / high CH4
38.35,119.05,3890.2319885889688,34908.8828125,3890.2319885889688,34908.8828125,6.586863857172407,High,38.35,119.05,38.35_119.05,5.092802650930048,3.897748951088682,1.3334682120247143,-0.0736647407308826,10.460525243247272,True,True,I: high CO2 / high CH4
38.35,119.15,13.113783200581867,0.0,13.113783200581867,0.0,-0.0885323009543583,Medium,38.35,119.15,38.35_119.15,-0.3195663980839721,0.7718859750658552,2.274700952872081,1.4338060126018406,0.0,False,True,III: low CO2 / high CH4
38.35,119.25,2.8127166827519736,0.0,2.8127166827519736,0.0,-1.077623868990082,Low,38.35,119.25,38.35_119.25,-1.0476177652000258,0.0438346079498015,1.8976228829230608,3.7257780546131154,0.0,False,True,III: low CO2 / high CH4
38.35,119.35,2.6898216803868613,0.0,2.6898216803868613,0.0,-1.1023841048138383,Low,38.35,119.35,38.35_119.35,-1.065843300756255,0.0256090723935721,1.5933451949369315,3.172070028514732,0.0,False,True,III: low CO2 / high CH4
38.35,119.45,2.0035316745440164,0.0,2.0035316745440164,0.0,-1.2579028517158517,Low,38.35,119.45,38.35_119.45,-1.1803176729511833,-0.0888652998013559,-1.258410373331745,-1.3958580458180645,0.0,False,False,IV: low CO2 / low CH4
38.35,119.55,2.009738345940908,0.0,2.009738345940908,0.0,-1.2563428030990107,Low,38.35,119.55,38.35_119.55,-1.1791693510313894,-0.0877169778815621,-3.822469647793408,-2.0638749055325323,0.0,False,False,IV: low CO2 / low CH4
38.35,119.65,884.2533662319183,8593.533203125,884.2533662319183,8593.533203125,5.142502729472686,High,38.35,119.65,38.35_119.65,3.962808402571073,3.074131927015567,-4.173848138219255,-1.472333103714002,9.058881606059952,True,False,II: high CO2 / low CH4
38.35,119.75,1.8484716812769573,0.0,1.8484716812769573,0.0,-1.297960624066327,Low,38.35,119.75,38.35_119.75,-1.2098034322740592,-0.1183510591242317,-0.0333714716868363,1.7738751416646563,0.0,False,True,III: low CO2 / high CH4
38.35,119.85,1.1308399836222331,0.0,1.1308399836222331,0.0,-1.5173202058356996,Low,38.35,119.85,38.35_119.85,-1.3712698207848435,-0.2798174476350164,-3.608483802392677,-0.5142266632209146,0.0,False,False,IV: low CO2 / low CH4
38.35,119.95,1.195318341255188,0.0,1.195318341255188,0.0,-1.494791634586533,Low,38.35,119.95,38.35_119.95,-1.3546869707968487,-0.2632345976470215,-0.9313711864671746,-0.5209028368559921,0.0,False,False,IV: low CO2 / low CH4
38.45,117.85,0.0826941666503746,0.0,0.0826941666503746,0.0,-2.02898965092242,Background,38.45,117.85,38.45_117.85,-1.747899903423911,-0.6564475302740838,0.8328226967917979,0.0367605933256401,0.0,False,True,III: low CO2 / high CH4
38.45,117.95,0.0642715338617562,0.0,0.0642715338617562,0.0,-2.0419592687828816,Background,38.45,117.95,38.45_117.95,-1.7574465908282275,-0.6659942176784001,2.4515357030105407,0.2489594074277192,0.0,False,True,III: low CO2 / high CH4
38.45,118.05,0.8044528464476267,0.0,0.8044528464476267,0.0,-1.6429650580227662,Low,38.45,118.05,38.45_118.05,-1.4637545910145142,-0.3723022178646869,-4.306809465047825,-1.159071857804338,0.0,False,False,IV: low CO2 / low CH4
38.45,118.15,1.0498841603597004,0.0,1.0498841603597004,0.0,-1.5465914244636223,Low,38.45,118.15,38.45_118.15,-1.392815804420651,-0.3013634312708232,1.5400738604177322,1.2608031828348203,0.0,False,True,III: low CO2 / high CH4
38.45,118.25,1.0632704893747966,0.0,1.0632704893747966,0.0,-1.5416724120202825,Low,38.45,118.25,38.45_118.25,-1.3891950135353872,-0.2977426403855599,-0.7314721308203677,-2.0830032604598494,0.0,False,False,IV: low CO2 / low CH4
38.45,118.35,1.4506700038909912,0.0,1.4506700038909912,0.0,-1.4116366315512257,Low,38.45,118.35,38.45_118.35,-1.2934781650614748,-0.2020257919116475,2.2086582571404425,-0.0674882924205153,0.0,False,True,III: low CO2 / high CH4
38.45,118.45,1916.3662759462995,17747.294840494793,1916.3662759462995,17747.294840494793,5.89491869488625,High,38.45,118.45,38.45_118.45,4.5512217733980265,3.5040360608082293,5.283840767236641,0.1782441385538963,9.784044724964756,True,True,I: high CO2 / high CH4
38.45,118.55,1.0466188192367554,0.0,1.0466188192367554,0.0,-1.5477961976859254,Low,38.45,118.55,38.45_118.55,-1.3937026149242568,-0.3022502417744294,2.4798498411972507,0.0717935828667022,0.0,False,True,III: low CO2 / high CH4
38.45,118.65,0.3927411635716756,0.0,0.3927411635716756,0.0,-1.838683663527144,Background,38.45,118.65,38.45_118.65,-1.6078193095020987,-0.5163669363522713,-2.663398253828705,-2.209609984680444,0.0,False,False,IV: low CO2 / low CH4
38.45,118.75,0.3834858338038127,0.0,0.3834858338038127,0.0,-1.84372247911924,Background,38.45,118.75,38.45_118.75,-1.6115282851915351,-0.5200759120417077,0.106739975634235,-0.857338190579387,0.0,False,False,IV: low CO2 / low CH4
38.45,118.85,0.4205694943666458,0.0,0.4205694943666458,0.0,-1.823732549203556,Low,38.45,118.85,38.45_118.85,-1.5968140804869386,-0.5053617073371114,0.2450127760104223,2.2500320783354995,0.0,False,True,III: low CO2 / high CH4
38.45,118.95,0.8358225127061208,0.0,0.8358225127061208,0.0,-1.6299400996400184,Low,38.45,118.95,38.45_118.95,-1.4541671685112352,-0.3627147953614078,-1.6424128653348504,2.9465645639353526,0.0,False,True,III: low CO2 / high CH4
38.45,119.05,1268.2574305733044,10774.28474934896,1268.2574305733044,10774.28474934896,5.467301635471864,High,38.45,119.05,38.45_119.05,4.2126680424736485,3.274563386708786,-1.5310576847305946,-0.1170496324347329,9.285010341476497,True,False,II: high CO2 / low CH4
38.45,119.15,1.4913866718610127,0.0,1.4913866718610127,0.0,-1.3991839102904124,Low,38.45,119.15,38.45_119.15,-1.284311955348197,-0.1928595821983696,1.775964804182231,3.2537915733217155,0.0,False,True,III: low CO2 / high CH4
38.45,119.25,1.729606668154399,0.0,1.729606668154399,0.0,-1.3301731745991126,Low,38.45,119.25,38.45_119.25,-1.233514474013364,-0.1420621008635364,2.950993632369583,3.853842434003045,0.0,False,True,III: low CO2 / high CH4
38.45,119.35,1.5541066924730935,0.0,1.5541066924730935,0.0,-1.3803944261778684,Low,38.45,119.35,38.45_119.35,-1.2704813758168092,-0.1790290026669818,-0.6175525552706802,-0.1270968386660918,0.0,False,False,IV: low CO2 / low CH4
38.45,119.45,1.414893349011739,0.0,1.414893349011739,0.0,-1.422750477139017,Low,38.45,119.45,38.45_119.45,-1.3016588540245575,-0.2102064808747302,-1.1523386226575325,-0.51085568797155,0.0,False,False,IV: low CO2 / low CH4
38.45,119.55,1.2456066608428955,0.0,1.2456066608428955,0.0,-1.4776756384252043,Low,38.45,119.55,38.45_119.55,-1.3420882137074963,-0.2506358405576693,-3.4294913461372776,-0.3688030882696643,0.0,False,False,IV: low CO2 / low CH4
38.45,119.65,1.214418351650238,0.0,1.214418351650238,0.0,-1.488245067953059,Low,38.45,119.65,38.45_119.65,-1.349868168431682,-0.2584157952818547,-2.6597911299110795,-1.018795498295329,0.0,False,False,IV: low CO2 / low CH4
38.45,119.75,1.114109992980957,0.0,1.114109992980957,0.0,-1.5232770371423523,Low,38.45,119.75,38.45_119.75,-1.375654530266395,-0.2842021571165675,-2.080024695254993,-1.1211061590583784,0.0,False,False,IV: low CO2 / low CH4
38.45,119.85,0.9378850062688192,0.0,0.9378850062688192,0.0,-1.58905229493491,Low,38.45,119.85,38.45_119.85,-1.4240704382630474,-0.3326180651132199,-0.7415965159535228,0.4866033506133267,0.0,False,True,III: low CO2 / high CH4
38.45,119.95,1.076918323834737,0.0,1.076918323834737,0.0,-1.536690052032589,Low,38.45,119.95,38.45_119.95,-1.3855275937355114,-0.294075220585684,-0.5703593794633053,2.053633614533514,0.0,False,True,III: low CO2 / high CH4
